maj_foreign,maj_race,pct_publictrans,time_travel_workE,med_incomeE,avg_travel_time
FALSE,white,0.35317102494740005,78220,74275,23.510670273519686
FALSE,no_majority,0.34989200863930886,21120,11330,22.80777537796976
FALSE,white,0.21630094043887146,71210,44534,17.17144924041476
FALSE,no_majority,0.19281045751633988,28580,17819,23.34967320261438
FALSE,no_majority,0.23467137185707984,49175,34104,21.691662990736656
FALSE,no_majority,0.15327301756253325,36695,25078,19.529004789781798
FALSE,white,0,26885,27397,22.292703150912107
FALSE,white,0.014998707008016551,115070,41199,29.756917507111456
FALSE,white,0.0022925263640531865,105390,41773,24.160935350756535
FALSE,white,0.001445086705202312,60705,32618,29.241329479768787
FALSE,white,0.04089068825910931,56975,18284,23.0668016194332
FALSE,hs_latino,0.04063604240282685,34770,15791,20.47703180212014
FALSE,white,0.0492542490461325,56485,11140,19.592438432188693
FALSE,white,0,44105,39554,28.345115681233935
FALSE,white,0,90415,40196,22.0847581827064
FALSE,white,0.05782312925170068,58285,42370,28.321185617103986
FALSE,white,0.029051000645577793,40760,26134,26.31375080697224
FALSE,white,0.011621621621621621,118315,41893,31.977027027027027
FALSE,white,0,61535,35625,32.97695605573419
FALSE,white,0.012851897184822521,45345,31500,27.75091799265606
FALSE,white,0.03282828282828283,109370,47230,25.1078971533517
FALSE,no_majority,0.06427688504326329,17905,15336,22.132262051915944
FALSE,white,0.015062454077883909,75870,34750,27.87288758265981
FALSE,white,0.0012170385395537525,51215,26776,20.776876267748477
FALSE,white,0.006586418351124233,110565,42057,25.11128775834658
FALSE,white,0.0011235955056179776,107465,34833,30.18679775280899
FALSE,white,0.010641949879848954,64930,37335,22.289735667696533
FALSE,white,0.012021036814425245,50200,29719,18.8580015026296
FALSE,white,0.031837160751565764,39725,31707,20.73329853862213
FALSE,no_majority,0.03239959500506244,51855,16247,17.500843739453256
FALSE,white,0,57385,29925,22.363600935307872
FALSE,no_majority,0.04700854700854701,14515,21440,20.67663817663818
FALSE,white,0,66790,37342,24.8013367991088
FALSE,white,0.011587982832618025,54290,44099,23.300429184549355
FALSE,white,0.009510869565217392,53720,35653,24.329710144927535
FALSE,white,0,38515,31493,26.14731839782756
FALSE,white,0.006897993311036789,140380,33227,29.343645484949832
FALSE,white,0,49940,33152,25.649717514124294
FALSE,white,0,61210,21556,25.127257799671593
FALSE,white,0.005208333333333333,29395,26917,19.137369791666668
FALSE,white,0.02540106951871658,37360,15819,16.648841354723707
FALSE,white,0,87095,34315,27.535567499209613
FALSE,white,0,66405,49754,23.97292418772563
FALSE,white,0.012960893854748603,90935,24936,20.32067039106145
FALSE,no_majority,0.07240038872691934,44545,21250,21.64480077745384
FALSE,hs_latino,0.045535714285714284,18015,13627,16.084821428571427
FALSE,white,0.004997501249375313,45180,34885,22.57871064467766
FALSE,no_majority,0.04355300859598854,38455,21546,22.03724928366762
FALSE,white,0,31640,40426,23.437037037037037
FALSE,white,0.043374452845204935,81520,40765,32.43931555909272
FALSE,white,0.012134189864382585,113840,53034,27.085415179633596
FALSE,white,0.017791732077446363,50455,44519,26.40240711669283
FALSE,white,0.011517165005537098,139575,55554,30.91362126245847
FALSE,white,0,85015,36315,24.45771001150748
FALSE,white,0,80280,33583,25.87173702868192
FALSE,white,0.005600497822028625,41925,29841,26.088985687616677
FALSE,white,0.01898047722342733,38785,27059,21.033080260303688
FALSE,white,0,54965,32628,25.600838379133673
FALSE,white,0,60870,33385,23.72174590802806
FALSE,white,0.05100463678516229,7475,3316,11.553323029366306
FALSE,white,0.02208927749654855,61190,40609,28.159226875287622
FALSE,white,0,48835,41058,27.04042081949059
FALSE,white,0.001763668430335097,52455,42694,23.12830687830688
FALSE,white,0.03968938740293356,122420,49968,26.406384814495254
FALSE,white,0.005981703026038001,87115,40396,30.65270935960591
FALSE,white,0.007856341189674524,51265,37281,28.7682379349046
FALSE,white,0.02171985815602837,49125,35411,21.77526595744681
FALSE,white,0.010109289617486339,87745,26964,23.974043715846996
FALSE,white,0.02600780234070221,42615,27889,27.708062418725618
FALSE,white,0,34900,27759,21.267519804996954
FALSE,white,0.010727611940298507,52460,31048,24.46828358208955
FALSE,white,0.008871214438666258,90650,29509,27.73019271948608
FALSE,white,0,63130,47056,23.433556050482554
FALSE,white,0.004166666666666667,30790,38750,25.658333333333335
FALSE,white,0.01406926406926407,60910,31206,21.973304473304474
FALSE,white,0.02536640360766629,92130,41169,25.96674182638106
FALSE,white,0.009361233480176211,95105,33970,26.185297356828194
FALSE,white,0.015473887814313346,121690,40071,29.422147001934235
FALSE,white,0.010055304172951232,116475,31791,29.27978883861237
FALSE,white,0,42525,20797,22.229482488238368
FALSE,white,0.024888888888888887,23315,43245,20.724444444444444
FALSE,white,0.0128130460104834,48205,39435,28.075131042516016
FALSE,no_majority,0.06159420289855073,41635,26114,21.550207039337476
FALSE,white,0.016159695817490494,57290,34357,27.229087452471482
FALSE,white,0.015741507870753936,48770,23750,20.2029826014913
FALSE,white,0.024486226497595104,48105,32304,21.034105815478792
FALSE,white,0.02630453378956373,140535,50015,30.05453378956373
FALSE,white,0.0038284839203675345,35480,39347,27.166921898928024
FALSE,white,0.023185483870967742,24925,19051,25.126008064516128
FALSE,white,0.053979871912168347,25815,25222,23.618481244281792
FALSE,white,0.03115781710914454,160175,48425,29.530789085545724
FALSE,white,0.006168359941944848,50425,30110,18.29644412191582
FALSE,white,0.006430041152263375,86580,40894,22.26851851851852
FALSE,white,0.04811372334609076,36250,33808,19.81957353745216
FALSE,white,0.02857142857142857,38580,27176,16.452025586353944
FALSE,white,0,13390,44821,17.85333333333333
FALSE,white,0.16838487972508592,52140,16092,14.93127147766323
FALSE,white,0,27935,30137,18.02258064516129
FALSE,white,0.001509206157561123,61975,34416,18.706610322970118
FALSE,white,0.003733486502010339,75580,39544,21.70591614014934
FALSE,white,0,82235,42324,22.874826147426983
FALSE,white,0.011673151750972763,56270,36506,31.278488048916063
FALSE,white,0.0038696537678207738,114785,38993,23.377800407331975
FALSE,white,0.003430531732418525,56830,36393,24.369639794168098
FALSE,white,0.01291248206599713,11580,3828,8.30703012912482
FALSE,white,0.007577609386458079,113745,47751,27.803715472989488
FALSE,white,0,3600,3225,5.4961832061068705
FALSE,white,0.09018105849582173,55815,33604,19.434192200557103
FALSE,white,0.01893491124260355,87405,27191,20.68757396449704
FALSE,no_majority,0.37104072398190047,34830,17930,26.266968325791854
FALSE,no_majority,0.23659003831417624,34120,6568,16.340996168582375
FALSE,white,0.003885381253035454,41840,40363,20.320543953375424
FALSE,white,5.611672278338945e-4,45065,29839,25.289001122334454
FALSE,white,0.02632937532266391,44560,4199,7.668215453450353
FALSE,white,0.05261261261261261,50310,25273,18.12972972972973
FALSE,white,0.01608430393788131,29445,31807,16.331114808652245
FALSE,white,0.03442879499217527,12045,4089,9.424882629107982
FALSE,white,0.020069204152249134,63465,34873,21.96020761245675
FALSE,white,0.041744548286604365,58215,31519,18.135514018691588
FALSE,white,0,89150,31995,29.172120418848166
FALSE,white,0.02402745995423341,4440,3839,5.080091533180778
FALSE,white,0.1261748120300752,59620,17023,14.00845864661654
FALSE,white,0.006728778467908903,41760,35382,21.614906832298136
FALSE,white,0,13580,51803,8.721901091843288
FALSE,white,0.035842293906810034,5910,51727,10.591397849462366
FALSE,white,0,8105,36098,10.233585858585858
FALSE,white,0,36030,40625,10.44953596287703
FALSE,white,0.34966499162479064,60015,52883,25.131909547738694
FALSE,white,0.17195972114639815,30280,31920,23.454686289697907
FALSE,white,0.3291806420699569,44020,40945,21.092477240057498
FALSE,white,0.1755695208169678,76970,50355,30.23173605655931
FALSE,white,0.18662952646239556,61405,63898,28.507428040854226
FALSE,white,0.20085015940488843,46055,45146,24.471307120085015
FALSE,white,0.11439312567132116,48380,64125,25.9828141783029
FALSE,white,0.06697941099817566,84315,49170,21.97419859265051
FALSE,white,0.05862785862785863,91435,22500,19.009355509355508
FALSE,white,0.0479282622139765,81575,51385,25.224180581323438
FALSE,no_majority,0.03413400758533502,118995,30881,30.087231352718078
FALSE,white,0.0320097244732577,79950,55433,32.39465153970826
FALSE,white,0.20776495278069254,48165,56529,25.270199370409234
FALSE,white,0.4119583104772353,48250,71624,26.467361492046077
FALSE,white,0.3835777126099707,45645,56989,26.771260997067447
FALSE,white,0.07979870596693027,75580,72383,27.167505391804458
FALSE,white,0.04602036967182195,75130,77831,28.3402489626556
FALSE,white,0.06148055207026349,17220,24762,21.606022584692596
FALSE,white,0.14224137931034483,142505,50884,24.569827586206898
FALSE,white,0.2806349206349206,35250,59891,22.38095238095238
FALSE,white,0.05418480890179003,47475,45635,22.968069666182874
FALSE,white,0.12689773703809798,94875,43804,27.177026639931253
FALSE,no_majority,0.049773755656108594,48670,30090,27.528280542986426
FALSE,white,0.019482184055370416,104970,36382,26.90848500384517
FALSE,white,0.06463735437805336,71575,48313,26.897782788425403
FALSE,white,0.020054694621695533,69210,42866,31.545123062898814
FALSE,no_majority,0.036741214057507986,39625,26875,21.09957401490948
FALSE,white,0.06457167455876023,77225,68804,33.243650452001724
FALSE,white,0.08340192043895747,89020,42364,24.422496570644718
FALSE,white,0.06744186046511629,107415,34667,27.75581395348837
FALSE,white,0.2747481764501563,65650,18317,22.803056616880863
FALSE,white,0.17765567765567766,27320,63649,25.01831501831502
FALSE,white,0.00808489135927236,123750,44949,31.26579080343608
FALSE,white,0.017283097131005877,81695,35315,28.238852402350503
FALSE,white,0.04860335195530726,119470,42474,33.37150837988827
FALSE,white,0.0688547984302533,94975,34658,33.88333927934356
FALSE,white,0.015862524785194978,74150,20101,24.504296100462657
FALSE,white,0,29195,24857,21.14047791455467
FALSE,white,0.06602641056422569,16220,16900,19.471788715486195
FALSE,white,0,40215,19701,27.28290366350068
FALSE,white,0.003257328990228013,52755,37194,21.480048859934854
FALSE,white,0.011699327288680901,80695,38072,23.601930389002632
FALSE,white,0.003763440860215054,41635,23057,22.384408602150536
FALSE,white,0.026138909634055265,29680,22500,22.165795369678865
FALSE,white,0.007692307692307693,28125,26427,19.667832167832167
FALSE,white,0.009174311926605505,31240,27446,22.046577275935075
FALSE,white,0.01617757712565839,72955,37063,27.447328818660647
FALSE,white,0.0085,65775,38177,32.8875
FALSE,white,0.035240040858018386,126275,33935,32.24591419816139
FALSE,white,0.009584664536741214,29805,30534,23.80591054313099
FALSE,white,0.007427055702917772,48070,40409,25.50132625994695
FALSE,no_majority,0.030678851174934726,100155,29434,21.79177545691906
FALSE,white,0.014512167894619335,102910,31972,22.97611073900424
FALSE,white,0.024849699398797595,75160,70444,30.12424849699399
FALSE,white,0.03713798977853492,73205,25165,24.94207836456559
FALSE,white,0.05862068965517241,62920,59808,30.995073891625616
FALSE,no_majority,0.10950080515297907,73540,19802,23.684380032206118
FALSE,white,0.023529411764705882,73695,50676,28.9
FALSE,white,0.05203045685279188,100375,46637,25.475888324873097
FALSE,white,0.08316130934827484,96180,58327,28.363314656443528
FALSE,white,0.126875,82895,42311,25.9046875
FALSE,white,0.07809640024405125,42140,29213,25.710799267846248
FALSE,hs_latino,0.16721491228070176,53930,29932,29.56688596491228
FALSE,no_majority,0.05304518664047151,26035,14649,25.574656188605108
FALSE,white,0.06855479089465326,119915,40172,31.740338803599787
FALSE,white,0.0375,51600,30621,19.545454545454547
FALSE,white,0.014009064688916358,59690,40270,24.594149155335806
FALSE,white,0.059802392095683825,32885,26789,17.100884035361414
FALSE,white,0.04252400548696845,31720,26895,21.755829903978054
FALSE,white,0,20515,34500,22.420765027322403
FALSE,white,0.04866310160427807,53380,42675,28.545454545454547
FALSE,white,0.030169050715214564,102175,40816,26.573472041612483
FALSE,white,0.017880620562713646,95575,37527,25.131475151196423
FALSE,white,0.009009009009009009,102910,59949,35.658350658350656
FALSE,white,0.07372322899505766,75165,50074,30.957578253706753
FALSE,white,0.09992652461425422,80295,26083,29.498530492285084
FALSE,no_majority,0.06882453151618399,69950,35418,23.83304940374787
FALSE,white,0.13236627379873073,64430,40000,29.206708975521305
FALSE,white,0.03896518684126477,69685,38045,22.256467582242095
FALSE,white,0.0712863401035444,67780,41626,26.993229788928712
TRUE,no_majority,0.22503725782414308,69000,17785,34.277198211624444
FALSE,white,0.03430599369085174,52705,27027,20.782728706624606
FALSE,white,0.03451367099955177,54340,39902,24.356790676826535
FALSE,white,0.01887871853546911,36140,30235,20.675057208237988
FALSE,white,0.040158870255957636,57665,34198,25.44792586054722
FALSE,hs_latino,0.046511627906976744,65050,21611,21.306911234850965
FALSE,white,0.012352610892756879,34760,18750,19.517125210555868
FALSE,white,0.013131715081575806,62375,32397,24.82093115797851
FALSE,white,0.015625,39660,24293,22.95138888888889
FALSE,white,0.001384083044982699,34245,25680,23.698961937716263
FALSE,no_majority,0,44115,23175,20.997144217039505
FALSE,white,0.01211734693877551,31550,23561,20.121173469387756
FALSE,no_majority,0.060836501901140684,40475,22581,30.779467680608366
FALSE,white,0,40665,32286,27.98692360633173
FALSE,white,0.00891000891000891,100105,31804,29.73121473121473
FALSE,white,0.004345127250155183,41555,29611,25.79453755431409
FALSE,white,0,40755,34706,21.770833333333332
FALSE,no_majority,0,23525,22473,18.23643410852713
FALSE,hs_latino,0.04014272970561998,21110,20144,18.831400535236398
FALSE,no_majority,0.033489618218352314,31635,26325,21.188881446751505
FALSE,white,0.02961591855622397,109815,31772,25.40837575196668
FALSE,white,0.0349213691026827,117640,40076,27.206290471785383
FALSE,white,0.027338129496402876,108710,44009,22.345323741007196
FALSE,white,0.0272,29460,26221,23.568
FALSE,white,0.007078507078507079,30005,29141,19.30823680823681
FALSE,white,0,38520,27985,22.53949678174371
FALSE,no_majority,0.007880220646178092,28230,22194,22.245862884160758
FALSE,no_majority,0.03659574468085106,19760,17838,16.817021276595746
FALSE,white,0.003289473684210526,45425,39375,21.346334586466167
FALSE,white,0.019166267369429803,44760,22209,21.44705318639195
FALSE,white,0,51190,26236,19.84108527131783
FALSE,white,0.01810321534720346,104920,34490,28.349094839232638
FALSE,white,0.013475331449684852,127245,42610,27.655944359921754
FALSE,white,0.0076274588518667205,71105,37336,28.544761140104377
FALSE,white,0.04997891185153944,128390,46430,27.075073808519612
FALSE,white,0.03929489533602644,80045,46583,29.395886889460154
FALSE,white,0.06253489670575098,47725,36225,26.64712451144612
FALSE,white,0,50295,27018,20.37059538274605
FALSE,white,0.009333333333333334,31880,21073,21.253333333333334
FALSE,white,0.016120066703724293,47335,39863,26.3118399110617
FALSE,white,0,47070,23273,20.167095115681235
FALSE,white,0.006118881118881119,70420,30843,20.51864801864802
FALSE,white,0.026,54565,33183,27.2825
FALSE,white,0.043543997580889025,94350,65411,28.530390081644995
FALSE,white,0.06529382219989954,45905,23682,23.056253139126067
FALSE,white,0.01959869342043864,62985,34344,29.391040597293514
FALSE,white,0.019587268275620847,82405,31274,28.823015040223854
FALSE,white,0.01633605600933489,80730,51518,31.400233372228705
FALSE,white,0.03155650319829424,70115,46853,29.899786780383796
FALSE,white,0.11028938906752411,88905,26394,28.586816720257236
FALSE,no_majority,0.10584776216922574,82315,36185,26.89153871283894
TRUE,hs_latino,0.04356636271529889,48065,19426,24.34903748733536
FALSE,no_majority,0.14313597918022122,87405,30819,28.433636955107353
FALSE,no_majority,0.1450381679389313,69715,26256,28.009240658899156
FALSE,white,0.028238182934315532,97735,53952,29.998465316144873
FALSE,white,0.01755926251097454,82020,40506,24.003511852502196
FALSE,white,0.10361613351877608,77450,38480,26.929763560500696
FALSE,white,0.04955264969029594,28975,26568,19.941500344115624
FALSE,hs_latino,0.08264462809917356,26625,18398,22.00413223140496
FALSE,hs_latino,0.042268041237113405,62735,21440,21.558419243986254
TRUE,hs_latino,0.07124810510358767,36100,19941,18.241536129358263
TRUE,hs_latino,0.0471253534401508,66780,23387,20.980207351555137
TRUE,hs_latino,0.05979381443298969,18150,17993,18.711340206185568
FALSE,hs_latino,0.0849740932642487,16535,15082,17.134715025906736
FALSE,no_majority,0,56430,29567,21.812910707383068
FALSE,white,0.05919796308084023,109585,63347,34.877466581795034
FALSE,white,0.02362669816893089,41070,36745,24.258712344949792
FALSE,white,0.059203444564047365,55730,37849,29.994617868675995
FALSE,white,0.012135126270908495,75650,33807,24.811413578222368
FALSE,white,0.024920886075949368,61880,62764,24.477848101265824
FALSE,white,0.03242941012021247,106290,41166,29.714844842046407
FALSE,white,0.04514563106796116,61550,64656,29.87864077669903
FALSE,white,0.016152019002375298,57825,40752,27.470308788598576
FALSE,white,0.03356890459363958,70640,47883,24.96113074204947
FALSE,no_majority,0.05226748654880861,29785,24688,22.89392774788624
FALSE,white,0.03256770654782311,73990,41375,25.36510113129928
FALSE,white,0.03275529865125241,63365,37356,30.522639691714836
FALSE,white,0.13627992633517497,84075,52614,30.96685082872928
FALSE,white,0.012096774193548387,87635,33653,27.182071960297765
FALSE,white,0,42730,35426,24.389269406392692
FALSE,white,0,26900,31466,23.679577464788732
FALSE,white,0.020491803278688523,41030,32306,21.019467213114755
FALSE,white,0.08176100628930817,119795,40625,31.39281970649895
FALSE,white,0.0775462962962963,17090,18621,19.78009259259259
FALSE,white,0,25105,23063,19.3562066306862
FALSE,white,0.0038234271810914148,70950,32745,24.661105318039624
FALSE,white,0.01759927797833935,53665,19189,24.217057761732853
FALSE,white,0.04723159357015281,142265,39178,28.232784282595752
FALSE,white,0.042119565217391304,40565,26687,27.55774456521739
FALSE,white,0,47800,27302,19.274193548387096
FALSE,white,0.0371713508612874,24725,22065,22.41613780598368
FALSE,no_majority,0.08048780487804878,16035,15383,19.554878048780488
FALSE,white,0,94205,35449,22.580297219558965
FALSE,white,0,55885,26913,21.56057098765432
FALSE,white,0.0071633237822349575,70675,36328,20.250716332378225
FALSE,no_majority,0.03697749196141479,22670,17714,18.223472668810288
FALSE,white,0.044095665171898356,167405,42357,31.278961136023916
FALSE,white,0.004534005037783375,40985,22489,20.64735516372796
FALSE,white,0.029341317365269463,84225,34194,25.21706586826347
FALSE,white,0.020353508302088912,79805,45359,21.37252276379218
FALSE,white,0,92115,31254,23.017241379310345
FALSE,no_majority,0.032407407407407406,20250,21195,18.75
FALSE,white,0,45420,37477,22.027158098933075
FALSE,white,0.0037611659614480487,45275,32361,21.28584861307005
FALSE,white,0,24860,41159,22.295964125560538
FALSE,white,0.002764612954186414,36815,21698,14.539889415481833
FALSE,white,0,63075,31385,20.558996088657107
FALSE,hs_latino,0.11586901763224182,10490,11098,13.211586901763225
FALSE,no_majority,0.05222171323866239,44505,29548,20.38708199725149
FALSE,white,0.030360531309297913,56365,18910,21.39089184060721
FALSE,white,0.03416022773485156,58560,42983,23.814558763725092
FALSE,white,0.11030554117037804,102925,35065,26.650699119627138
FALSE,hs_latino,0.01263001485884101,70610,21824,17.486379395740464
FALSE,hs_latino,0.023224503534163582,57515,25509,19.35880175025244
FALSE,hs_latino,0.019785458879618592,100905,31458,24.053635280095353
FALSE,white,0,53020,48077,27.231638418079097
FALSE,white,0.009743774810537712,76715,42550,27.684951281125947
FALSE,hs_latino,0.15703192407247626,50505,19419,21.788179465056082
FALSE,white,0.10827814569536424,87635,38256,29.0182119205298
FALSE,hs_latino,0.15227367542761786,56035,28662,23.377138089278265
TRUE,no_majority,0.17583547557840618,54360,25625,27.948586118251928
FALSE,white,0.09469153515064563,79820,35453,28.629842180774748
FALSE,white,0.06841817186644773,49495,37733,27.090859332238644
FALSE,white,0.03940004477277815,107160,34856,23.989254533243788
FALSE,white,0.12909174734900877,64905,40575,29.92392807745505
FALSE,white,0.08606965174129354,54655,47720,27.191542288557216
FALSE,white,0.20827710301394511,66950,25539,30.116959064327485
FALSE,white,0.021379980563654033,117090,44457,28.44752186588921
FALSE,white,0.12345027697177526,96905,40793,25.561857029807438
FALSE,hs_latino,0.12993971868720697,99105,24515,33.18988613529806
FALSE,white,0.006349206349206349,98005,52083,31.112698412698414
FALSE,hs_latino,0.031062874251497005,45650,23988,17.084580838323355
FALSE,white,0.04742729306487696,63750,58472,28.523489932885905
FALSE,white,0.013365013365013365,101765,40612,30.224235224235223
FALSE,white,0.027033919918388168,113105,41089,28.84595766386126
FALSE,white,0.09563846558066211,120860,68274,31.755123489227536
FALSE,white,0.005225830533781261,68400,39186,25.53191489361702
FALSE,white,0.005841741901221455,36115,35441,19.179500796601168
FALSE,white,0.009230769230769232,36915,20323,14.198076923076924
FALSE,white,0.12021693281108768,59930,30910,18.05664356733956
FALSE,white,0.014792899408284023,34045,26186,16.787475345167653
FALSE,no_majority,0.38055627761892385,121575,33750,31.602547439563295
FALSE,white,0.15806715806715807,63910,48007,26.17117117117117
FALSE,black,0.297680858428522,96415,23369,33.37313949463482
FALSE,white,0.13986679352997144,84205,50580,26.706311449413256
FALSE,white,0.21349072512647554,69595,92996,23.472175379426645
FALSE,no_majority,0.29988851727982163,45535,36636,25.381828316610925
FALSE,black,0.3552415379559645,89895,17933,29.541570818271442
FALSE,white,0.2598775737340011,45115,64066,25.105731775180857
FALSE,no_majority,0.4274960380348653,79390,26296,31.454041204437402
FALSE,black,0.4245025360905189,70225,16234,27.39953179867343
FALSE,black,0.3456867019620056,115550,30375,35.98567424478356
FALSE,white,0.40800444691495275,47580,64002,26.448026681489715
FALSE,black,0.2607584149978696,65940,21596,28.09544098849595
FALSE,no_majority,0.454396504642272,48150,34495,26.297105406881485
FALSE,white,0.1673182173573104,72965,65732,28.524237685691947
FALSE,white,0.16267942583732056,52890,63477,28.118022328548644
FALSE,white,0.02678963548528766,51700,53973,22.705314009661837
FALSE,white,0.11904761904761904,31305,76061,24.845238095238095
FALSE,white,0.02493765586034913,14930,52188,18.615960099750623
FALSE,white,0.07407407407407407,105700,45960,29.88408255583828
FALSE,white,0.13114186851211074,68385,59364,23.662629757785467
FALSE,white,0.21941638608305275,44980,51146,25.241301907968573
FALSE,white,0.05957656326932546,47910,90833,23.589364844903987
FALSE,white,0.23176661264181522,71075,63539,28.79862236628849
FALSE,white,0.10421836228287841,77900,52910,24.162531017369727
FALSE,white,0.05101465614430665,93770,51759,26.428974069898533
FALSE,white,0.06601525262154433,129165,57917,30.78288846520496
FALSE,white,0.09774109470026064,80150,69053,34.81754995655951
FALSE,white,0.03637713437268003,62925,43256,23.357461024498885
FALSE,white,0.0143928035982009,89080,41962,26.71064467766117
FALSE,white,0.050967339296858746,137835,36101,28.673809028500106
FALSE,white,0.014661391668606005,116130,61227,27.025831975797068
FALSE,white,0.03125957707631014,93745,39757,28.729696598222496
FALSE,white,0.0167583791895948,100985,34796,25.25887943971986
FALSE,white,0.004314994606256742,81865,32062,29.43725278676735
FALSE,white,0.04215077006214537,113030,51160,30.540394487976222
FALSE,black,0.04468599033816425,43475,27829,26.2530193236715
FALSE,white,0.03920619554695063,55245,28922,26.740077444336883
FALSE,white,0.09444985394352483,47930,30059,23.33495618305745
FALSE,white,0.06589456869009584,68030,47797,27.1685303514377
FALSE,white,0,45445,27373,19.579922447221026
FALSE,white,0.03693813974187806,56740,31941,25.2514463729417
FALSE,white,0.1672544080604534,64745,52743,32.61712846347607
FALSE,white,0.190745672436751,111805,50961,37.21870838881491
FALSE,white,0.03778467908902691,98685,38750,25.539596273291924
FALSE,white,0.06582991803278689,122025,56553,31.25640368852459
FALSE,white,0.10225718194254446,101045,54469,34.55711354309165
FALSE,white,0.1471546753572324,107450,53441,26.936575582852846
FALSE,white,0.11696869851729819,68305,63462,28.132207578253706
FALSE,white,0.11192125410134889,51270,20908,18.69121399927087
FALSE,white,0.07422486689633573,99160,70360,31.05543376135296
FALSE,white,0.014775016789791807,105180,33709,35.31900604432505
FALSE,no_majority,0.023487544483985764,23630,22443,16.818505338078293
FALSE,white,0.06355645706558485,39125,65882,26.45368492224476
FALSE,white,0.0333994708994709,88055,46354,29.11871693121693
FALSE,white,0.08326229042341575,101415,47210,28.81926683716965
FALSE,white,0.25432525951557095,36140,49549,20.841983852364475
FALSE,no_majority,0.025775447793796417,52780,27739,23.058103975535168
FALSE,white,0.01192368839427663,88930,32121,23.563857975622682
FALSE,white,0.2445668809305173,98880,53401,30.26629935720845
FALSE,white,0.24154025670945156,40640,40056,23.71061843640607
FALSE,white,0.0223463687150838,28380,30271,17.616387337057727
FALSE,white,0.04681647940074907,39895,26564,14.941947565543071
FALSE,white,0.003667481662591687,29565,34593,18.07151589242054
FALSE,white,0.007262569832402235,17240,17336,9.631284916201118
FALSE,white,0,37505,35391,21.165349887133182
FALSE,white,0.005005005005005005,16990,27639,17.007007007007008
FALSE,white,0.09053156146179402,17315,16074,14.381229235880399
FALSE,white,0.006732927220262905,56000,31956,17.954472587367746
FALSE,white,0,26530,32903,14.779944289693594
FALSE,white,0.03350083752093802,7590,19889,12.71356783919598
FALSE,white,0,22005,31607,14.758551307847082
FALSE,white,0.010506798516687269,26455,38655,16.3504326328801
FALSE,white,0.004942339373970346,29315,26714,24.147446457990114
FALSE,white,0,23435,30321,20.503062117235345
FALSE,white,0,18905,32083,20.240899357601712
FALSE,white,0,23870,30651,28.65546218487395
FALSE,white,0,29925,36779,27.993451824134706
FALSE,white,0.026771653543307086,11085,35300,17.456692913385826
FALSE,white,0.00975975975975976,42155,36952,31.6478978978979
FALSE,white,0.04079696394686907,84630,40908,26.764705882352942
FALSE,no_majority,0.10141881240147137,48405,22895,25.43615344193379
FALSE,black,0.03451407811080836,50085,29797,22.745231607629428
FALSE,white,0.08695652173913043,112595,40898,32.63623188405797
FALSE,white,0.036767522022213714,76375,39528,29.25124473381846
FALSE,white,0.030021834061135372,48950,38077,26.71943231441048
FALSE,white,0.006144393241167435,93405,34635,28.695852534562214
FALSE,white,0.012422360248447204,94305,30214,26.624788255223038
FALSE,white,0.01183920704845815,96050,48211,26.445484581497798
FALSE,white,0.1277056277056277,92540,53472,33.38383838383838
FALSE,white,0.04030226700251889,85255,51716,30.67830154731918
FALSE,white,0.05106845345889171,98790,41884,35.78051430641072
FALSE,white,0.007494646680942184,111795,39546,29.923715203426124
TRUE,no_majority,0.06605504587155964,94005,21378,24.64089121887287
FALSE,white,0.09012517385257302,115995,48974,32.26564673157163
FALSE,white,0.07251461988304093,43595,40361,25.494152046783626
FALSE,white,0.032624113475177303,69555,40123,32.88652482269504
FALSE,white,0.02044838630204484,109430,38821,26.959842325695984
FALSE,white,0.02593440122044241,42115,40924,32.124332570556824
FALSE,white,0.04272151898734177,105990,46619,33.54113924050633
FALSE,no_majority,0.07399864222674814,47980,26737,32.57298031228785
FALSE,white,0.030221262817053427,87455,39707,23.598219104155422
FALSE,white,0.016172506738544475,145180,61413,32.61006289308176
FALSE,white,0.087433086923273,101615,41202,25.902370634718327
FALSE,white,0.059044048734770385,55690,38502,26.096532333645737
FALSE,hs_latino,0.03551912568306011,39645,13879,21.66393442622951
FALSE,hs_latino,0.006564551422319475,20320,16284,22.23194748358862
FALSE,hs_latino,0.02702702702702703,12605,13618,18.926426426426428
FALSE,white,0.00533739992375143,64385,33715,24.54632100648113
FALSE,white,0.05385220125786164,72135,56424,28.35495283018868
FALSE,white,0.05294888597640891,119455,80509,31.31192660550459
FALSE,white,0.006820765441455097,65270,36440,24.73285335354301
FALSE,white,0.0014084507042253522,15080,32371,21.239436619718308
FALSE,white,0.015625,43440,41732,15.784883720930232
FALSE,white,0,37065,39611,15.626053962900507
FALSE,white,0.0034739454094292804,43685,32393,21.679900744416873
FALSE,white,0.0036068530207394047,23470,35891,21.163210099188458
FALSE,white,0.006134969325153374,14290,37539,21.91717791411043
FALSE,white,0,40550,31683,12.546410891089108
FALSE,white,0.010978043912175649,65305,39430,32.587325349301395
FALSE,white,0.0675771132564163,125425,48178,29.53261125500353
FALSE,white,0.04469096671949287,81170,48270,25.727416798732172
FALSE,white,0.17187890918188642,121205,59024,30.32399299474606
FALSE,white,0.06608648354636933,102460,46493,27.86510742453087
FALSE,white,0.101392938127632,97820,83668,31.68772270813087
FALSE,white,0.16817359855334538,59495,40425,26.896473779385172
FALSE,white,0.14228270955768635,87915,32500,27.193009588617382
FALSE,no_majority,0.053386911595866816,38175,20383,21.91446613088404
FALSE,no_majority,0.017265193370165747,29780,23070,20.566298342541437
FALSE,no_majority,0.0540386803185438,81755,28523,23.252275312855517
FALSE,white,0.020918599363346977,59130,50331,26.88949522510232
FALSE,white,0.0030105368790767687,105270,51324,26.409934771700954
FALSE,white,0,66865,51039,24.856877323420075
FALSE,white,0.01012965964343598,139450,32451,28.25162074554295
FALSE,no_majority,0.34421364985163205,40360,22454,23.95252225519288
FALSE,white,0,24775,33891,15.552416823603265
FALSE,white,0.005080440304826418,27265,32619,23.08636748518205
FALSE,white,0.0123234144875263,65250,38882,19.612263300270513
FALSE,white,0.007177033492822967,5690,32007,13.61244019138756
FALSE,white,0.008565310492505354,23010,35362,16.423982869379014
FALSE,white,0.014974262985493684,41230,36708,19.293401965372016
FALSE,white,0.022881880024737167,32230,29167,19.931972789115648
FALSE,white,0.013368983957219251,36305,32447,24.268048128342247
FALSE,white,7.852375343541421e-4,43170,38216,16.949352179034157
FALSE,white,0,31340,37395,30.42718446601942
FALSE,white,0.007264957264957265,48915,50636,20.903846153846153
FALSE,white,0.009994121105232217,41960,36531,24.667842445620224
FALSE,white,0,15685,33828,14.233212341197822
FALSE,white,0.015618221258134491,47675,41756,20.683297180043382
FALSE,white,0.017439192290041303,47415,36091,21.759981642955484
FALSE,white,0.01979604079184163,44660,41111,26.790641871625674
FALSE,white,0,112495,43785,28.236696787148595
FALSE,white,0.007051120624527827,87880,31510,22.130445731553763
FALSE,white,0.015900449360525405,68300,37023,23.608710680954026
FALSE,white,0.012518054886856042,39485,37271,19.01059220028888
FALSE,white,0.03383458646616541,27460,43846,17.205513784461154
FALSE,white,0.00933609958506224,35230,29368,18.272821576763487
FALSE,white,0.013392857142857142,20000,33281,22.321428571428573
FALSE,white,0.0039904229848363925,47600,32384,18.99441340782123
FALSE,white,0.1741472172351885,47775,40957,28.590664272890486
FALSE,no_majority,0.2656484727090636,137635,36053,34.46044066099149
FALSE,white,0.2363929889298893,123750,46002,28.540129151291513
FALSE,white,0.46728769497400346,147605,60757,31.976819757365686
FALSE,white,0.4157130657557643,184075,51696,31.438941076003417
FALSE,white,0.4772727272727273,53990,42545,22.3099173553719
FALSE,white,0.1855637176620888,55920,17023,17.86010859150431
FALSE,white,0.14255702280912366,48415,8722,14.53031212484994
FALSE,white,0.16678805535324107,52925,35303,19.27348871085215
FALSE,white,0.2804396843291995,94060,47462,26.510710259301014
FALSE,white,0.14377094121230583,91330,49099,27.819067925677732
FALSE,white,0.10659599528857479,53505,56786,31.51060070671378
FALSE,white,0.03271349862258953,82710,53336,28.481404958677686
FALSE,white,0.045454545454545456,97415,71713,29.918611793611795
FALSE,white,0.026345933562428408,79830,60515,30.481099656357387
FALSE,white,0.10306553911205074,43390,37625,22.93340380549683
FALSE,white,0.08785107772697583,67515,39936,22.04931417374265
FALSE,white,0.08345921450151057,59810,31690,22.586858006042295
FALSE,white,0.10826967784789107,68910,45933,22.88608435735636
FALSE,white,0.12924480486568676,53035,104276,26.88038520020274
FALSE,white,0.05750798722044728,111275,50828,32.319198373511476
FALSE,white,0.0615027560197273,115335,52790,33.45953002610966
FALSE,white,0.027572815533980582,72115,61103,28.005825242718448
FALSE,white,0.012305374183827222,96820,62875,24.314414866901053
FALSE,white,0.08728577122359506,67085,75865,26.73774412116381
FALSE,white,0.034143138542350626,67035,71085,22.007550886408403
FALSE,white,0.08925383791503035,61165,45688,21.836843984291324
FALSE,white,0.057811753463927376,64910,61915,31.012900143334925
FALSE,white,0.018705463182897862,91940,45307,27.298099762470308
FALSE,white,0.024775736864587783,52815,47537,22.56087142246903
FALSE,white,0.1716886377903327,100970,72849,31.691776522284997
FALSE,white,0.07364501448076127,55525,62296,22.972693421597022
FALSE,white,0.09513590844062947,52060,7366,18.619456366237483
FALSE,white,0.09081119885139986,75280,41487,27.020818377602296
FALSE,white,0.09121495327102803,69090,66379,25.82803738317757
FALSE,white,0.11452015697467,70205,55739,25.046378879771673
FALSE,white,0.056572379367720464,50645,36411,28.089295618413754
FALSE,white,0.01909039865244245,22175,31020,12.450870297585626
FALSE,white,0.006227758007117438,40910,38777,18.198398576512457
FALSE,white,0.004594180704441042,46130,33734,17.660796324655436
FALSE,white,0.007387247278382581,54005,36303,20.997278382581648
FALSE,white,0.01590169859053126,58995,27030,21.320925189736176
FALSE,white,0.014500836586726157,46180,41000,25.755716675962073
FALSE,white,0.008919722497522299,28070,41944,27.81962338949455
FALSE,white,0.0028208744710860366,20785,30936,14.657968970380818
FALSE,white,0,68550,36466,25.32323605467307
FALSE,white,0.027628032345013476,35020,27223,23.598382749326145
FALSE,white,0.07050889025137952,36690,34069,22.49540159411404
FALSE,white,0.012682010333489901,33375,37760,15.676373884452795
FALSE,white,0.01254552812626467,21595,45442,8.739376770538243
FALSE,white,0.045714285714285714,26725,31506,10.908163265306122
FALSE,white,0.013280212483399735,26445,41495,11.706507304116865
FALSE,white,0.022815804117974403,21810,38214,12.136894824707847
FALSE,white,0.22327150084317032,79085,38671,26.672849915682967
FALSE,white,0,75720,30583,25.03968253968254
FALSE,white,0.18523316062176165,43795,41986,28.364637305699482
FALSE,white,0.2375703564727955,129710,42075,30.419793621013135
FALSE,no_majority,0.3136570968607459,121610,30756,32.62946069224577
FALSE,white,0.2798499227543589,136530,47669,30.132421099095122
FALSE,white,0.36964980544747084,23725,36935,23.078793774319067
FALSE,no_majority,0.35450643776824037,28940,31928,24.841201716738198
FALSE,white,0.025176233635448138,26740,40895,26.92849949647533
FALSE,no_majority,0.030864197530864196,56450,31148,21.77854938271605
FALSE,white,0.02205128205128205,52980,36679,27.16923076923077
FALSE,white,0.024793388429752067,53725,50431,29.600550964187327
FALSE,white,0.040186760046690015,160820,39310,26.816741704185425
FALSE,white,0.031214203894616266,99745,41296,28.56386025200458
FALSE,white,0.021414482952944493,108485,52351,30.56776556776557
FALSE,white,0.016931582584657913,82040,56197,28.348306841741532
FALSE,white,0.022674865488086088,39615,29587,15.224827056110684
FALSE,no_majority,0.005076142131979695,18800,22384,15.905245346869712
FALSE,white,0.013312202852614897,75545,40912,23.944532488114106
FALSE,white,0.0074898352236250805,118145,35638,25.282473785576716
FALSE,white,0,137535,50278,26.61280959752322
FALSE,white,0.02183219178082192,73070,49198,31.27996575342466
FALSE,white,0.005045408678102927,62805,53548,31.687689202825428
FALSE,white,0.006246450880181715,43310,30998,24.59398069278819
FALSE,white,0.01713683100448194,108180,34459,28.52095966253625
FALSE,white,0.014934660858743,28235,21382,17.57000622277536
FALSE,no_majority,0.0433589462129528,38575,21039,21.17178924259056
FALSE,white,0.016554578375581996,41855,53315,21.652871184687015
FALSE,white,0.02137643378519291,39205,25064,20.440563086548487
FALSE,white,0.01241914618369987,88590,25890,22.921086675291075
FALSE,white,0,26845,34632,23.990169794459337
FALSE,no_majority,0.034889687018984095,46800,29313,24.01231400718317
FALSE,white,0,71500,29588,28.645833333333332
FALSE,white,0.006392329204954055,75820,38489,30.29165001997603
FALSE,white,0.008543263964950712,120625,40907,26.423877327491784
FALSE,white,0,100640,40743,30.02386634844869
FALSE,white,0.0140607424071991,42915,32292,24.136670416197976
FALSE,white,0.00543267365153279,58265,25994,22.609623593325573
FALSE,white,0.0010649627263045794,57350,40779,30.537806176783814
FALSE,white,0,51470,25521,24.49785816277963
FALSE,white,0.004543280726924916,110055,36531,26.31635581061693
FALSE,white,0,39455,36286,22.845975680370586
FALSE,hs_latino,0.03823644166991806,44135,22669,17.2200546234881
FALSE,no_majority,0.04136789851075565,28355,13730,15.639823496966354
FALSE,hs_latino,0.032912533814247066,39450,23555,17.786293958521192
FALSE,hs_latino,0.18948035487959441,32215,13048,20.415082382762993
FALSE,hs_latino,0.11575875486381323,16815,11923,16.357003891050585
FALSE,hs_latino,0.05193905817174515,27135,16765,18.791551246537395
FALSE,white,0,92220,29135,23.847944142746314
FALSE,white,0,35065,32818,26.828615149196633
FALSE,white,0,37710,25480,18.44911937377691
FALSE,hs_latino,0.0706605222734255,9990,11140,15.345622119815669
FALSE,hs_latino,0.006502554575011612,36300,20456,16.86019507663725
FALSE,white,0,53730,35774,18.839410939691444
FALSE,white,0.0075107296137339056,10665,3911,11.443133047210301
FALSE,white,0.0049541738915035915,72815,38922,18.036908595491703
FALSE,white,0.013481363996827915,103665,43372,27.40285487708168
FALSE,no_majority,0,37485,21654,20.002668089647813
FALSE,hs_latino,0.03288201160541586,12485,11595,12.074468085106384
FALSE,no_majority,0.061052631578947365,51415,23667,18.04035087719298
FALSE,white,0,45085,39085,21.571770334928228
FALSE,no_majority,0.05401563610518834,21250,13286,15.103056147832268
FALSE,white,0,42480,26675,25.544197233914613
FALSE,hs_latino,0.019319938176197836,17325,11293,13.3887171561051
FALSE,white,0,80255,41501,21.42418579818473
FALSE,white,0.0033613445378151263,42725,22570,17.951680672268907
FALSE,no_majority,0.03706111833550065,53695,10461,17.456111833550064
FALSE,white,0.003202846975088968,68970,36594,24.544483985765126
FALSE,white,0.009704027171276079,44560,26541,21.620572537603106
FALSE,white,0.017562346329469618,46250,20841,16.245170354759395
FALSE,white,0.004087193460490463,83250,44088,22.68392370572207
FALSE,white,0.021245059288537548,36110,25109,17.84090909090909
FALSE,white,0.011285574092247301,32010,26232,15.70657507360157
FALSE,white,0.0057049714751426246,83400,37413,22.656886715566422
FALSE,white,0,91940,31183,21.15021854152289
FALSE,white,0.007926361544362055,73925,30889,18.901815392482742
FALSE,hs_latino,0.040841972981464025,61105,17745,19.197298146402765
FALSE,white,0.021396851029471135,51275,36047,20.700444085587403
FALSE,white,0.020986745213549336,57880,37175,21.310751104565536
FALSE,white,0,56900,36540,22.04571871367687
FALSE,white,0.012168141592920354,46190,29415,25.547566371681416
FALSE,white,0,25500,39036,14.912280701754385
FALSE,white,0.0030621172353455816,62140,27482,27.182852143482066
FALSE,white,0.004368932038834952,38170,35146,18.52912621359223
FALSE,white,0.005892255892255892,17610,22535,14.823232323232324
FALSE,white,0.32448733413751507,81045,52129,24.44059107358263
FALSE,white,0.305973773676542,52875,59293,25.679941719281203
FALSE,white,0.11597779148673658,46630,50744,28.76619370758791
FALSE,white,0.022803114571746386,111475,46546,30.99972191323693
FALSE,white,0.07849936948297603,86535,53703,27.280895334174023
FALSE,white,0.2871287128712871,98595,40765,31.489939316512295
FALSE,no_majority,0.12299807815502883,49870,19759,31.947469570787955
FALSE,white,0.24915966386554622,68500,32450,28.781512605042018
FALSE,white,0.10938040844582901,88525,45185,30.64209068881966
FALSE,no_majority,0.05101522842639594,112855,29927,28.643401015228427
FALSE,white,0.09992163009404388,83450,40839,32.69984326018809
FALSE,white,0.05665549802010356,87495,38871,26.65092902832775
FALSE,white,0.2315530569219958,76450,51235,26.86226282501757
FALSE,white,0.38896366083445494,102995,58596,27.72409152086137
FALSE,white,0.37959667852906287,90320,63244,26.785290628707
FALSE,white,0.07222222222222222,46185,44325,32.072916666666664
FALSE,white,0.04285714285714286,162680,60861,34.1764705882353
FALSE,white,0.09391891891891892,103730,52928,35.04391891891892
FALSE,white,0.06107915639550808,107145,48544,29.346754313886606
FALSE,white,0.06313834726090993,53845,49836,24.997678737233056
FALSE,white,0.10846560846560846,81540,35300,35.95238095238095
FALSE,white,0.10425138632162662,69760,39709,25.78927911275416
FALSE,white,0.13270142180094788,98415,44891,25.912322274881518
FALSE,white,0.03526771401090093,96915,45398,31.072459121513305
FALSE,white,0.15110276865321445,62515,60568,29.33599249178789
FALSE,white,0.10395314787701318,42735,36960,31.284773060029284
FALSE,white,0.004997501249375313,35520,26651,17.751124437781108
TRUE,hs_latino,0.562374245472837,90420,24967,30.321931589537222
FALSE,no_majority,0.48279714030384274,150815,28007,33.69414655942806
FALSE,white,0.279126213592233,61850,64958,25.02022653721683
FALSE,white,0.429220287660863,76570,63318,28.981831945495838
FALSE,white,0.022674568410203554,90570,41446,23.336768874001546
FALSE,white,0.03523693803159174,97270,45443,29.54738760631835
FALSE,white,0.026630434782608695,54380,37341,29.554347826086957
FALSE,white,0.005020274184205445,174940,38780,33.778721760957716
FALSE,white,0.03308663474096648,53595,25739,23.332607749238136
FALSE,white,0.004640371229698376,109910,40747,28.334622325341584
FALSE,white,0.01273148148148148,71690,42364,27.65817901234568
FALSE,white,0.008508914100486223,71965,54605,29.159238249594814
FALSE,white,0.03769274700171331,38445,38456,21.956025128498002
FALSE,white,0.26910112359550564,40845,57463,22.946629213483146
FALSE,no_majority,0.3335451080050826,40150,18485,25.508259212198222
FALSE,black,0.2751643904906424,43850,21564,22.180070814365198
FALSE,black,0.2835563228312473,57320,26498,24.738886491152353
FALSE,black,0.29,61455,21042,34.141666666666666
FALSE,black,0.30659025787965616,130540,22237,37.40401146131805
FALSE,no_majority,0.23594093622368834,98435,39757,30.92522777254163
FALSE,white,0.17271407837445574,43025,58274,31.222786647314948
FALSE,white,0.1774628879892038,90745,44052,30.615721997300945
FALSE,black,0.29557894736842105,170725,27188,35.94210526315789
FALSE,white,0.24320652173913043,83460,42325,28.349184782608695
FALSE,white,0.21103047895500726,86065,35556,24.982583454281567
FALSE,white,0.2402694610778443,71295,45485,26.682260479041915
FALSE,white,0.039242843951985226,130370,35094,30.094644506001845
FALSE,white,0.005421184320266889,77665,40212,32.38740617180984
FALSE,white,0.005246589716684155,52910,50327,27.759706190975866
FALSE,white,0.034727503168567805,113905,52507,28.873257287705957
FALSE,white,0.02294007490636704,59355,42028,27.787921348314608
FALSE,white,0.02159526297457332,70325,46461,24.494949494949495
FALSE,white,0.03592814371257485,106020,48537,28.85683179096353
FALSE,white,0.03943338437978561,145385,42453,27.8302067381317
FALSE,white,0.00935093509350935,58460,42434,32.156215621562154
FALSE,white,0.0458377239199157,45705,25563,24.080611169652265
FALSE,white,0.03044496487119438,69660,26665,23.30545332887253
FALSE,white,0.050563982886036564,75125,41813,29.220147802411514
FALSE,no_majority,0.043824701195219126,50005,20953,19.922310756972113
FALSE,asian,0.04904831625183016,31805,21657,23.283308931185946
FALSE,white,0.009549071618037135,54845,44833,29.09549071618037
FALSE,white,0.02945902517407606,114045,38214,30.542313872522765
FALSE,white,0.0339331619537275,52350,51994,26.91516709511568
FALSE,white,0.01581843191196699,75595,48287,25.995529573590098
FALSE,white,0.02092904543134252,110005,59753,28.07682491066871
FALSE,white,0.0408272898200376,101950,42358,27.383830244426537
FALSE,white,0.12933584296853992,117355,49728,31.555525678945955
FALSE,white,0.05962607377463365,52375,71224,26.465386558868115
FALSE,white,0.06646312822921559,122040,62621,28.661343353687176
FALSE,white,0.09175449473031617,83870,43472,25.998140111593305
FALSE,white,0.044066486277541554,68285,73125,26.395438732122148
FALSE,white,0.05594149908592322,62550,45833,22.87020109689214
FALSE,white,0.022390072835176692,80770,21142,21.78850822767737
FALSE,white,0.2151680551565642,88010,47079,25.282964665326055
FALSE,white,0.1457518663348738,78220,61142,27.806612157838607
FALSE,white,0.0618903464513959,85730,50493,28.836192398250926
FALSE,white,0.020796847635726794,134845,52311,29.519483362521893
FALSE,white,0.04313352362829052,94465,61610,29.960355217253408
FALSE,white,0.05807067812798472,129855,41357,24.80515759312321
FALSE,white,0.18053927315357562,98950,48616,29.000586166471276
FALSE,white,0.06772908366533864,42675,44301,28.336653386454184
FALSE,white,0.18143570865106495,119865,62794,31.518537996318695
FALSE,white,0.3268560039860488,55890,50175,27.847533632286996
FALSE,white,0.3535673839184598,126275,29838,28.60135900339751
FALSE,white,0.2525933609958506,38485,74034,19.96109958506224
FALSE,white,0.09062693978895096,40630,79745,25.220360024829297
FALSE,white,0.30936675461741425,94780,78684,31.259894459102902
FALSE,hs_latino,0.6161111111111112,49050,29622,27.25
FALSE,no_majority,0.4082171127026008,66300,35233,24.990576705616284
FALSE,white,0.3196885986941236,111245,63432,27.936966348568557
FALSE,no_majority,0.40899122807017546,20710,12434,22.708333333333332
FALSE,black,0.3231571109456441,35110,17525,26.14296351451973
FALSE,black,0.3683875079668579,45120,21897,28.75717017208413
TRUE,no_majority,0.3422629538244625,78555,23333,27.68946069792034
FALSE,white,0.16119005328596803,69450,25250,30.839253996447603
FALSE,white,0.005224085784987627,62775,30996,17.2601044817157
FALSE,white,0,39290,35726,27.94452347083926
FALSE,white,0.002172338884866039,25275,40220,18.30195510499638
FALSE,white,0.008177570093457943,25725,29232,15.026285046728972
FALSE,white,0.011198672749896308,33230,20125,13.782662795520531
FALSE,white,0.011159330440173589,22920,14317,14.209547427154371
FALSE,white,0.015372168284789644,39555,22056,16.00121359223301
FALSE,white,0.006198347107438017,17460,27310,12.024793388429751
FALSE,white,0.01680672268907563,20280,32500,18.935574229691877
FALSE,white,0.02530017152658662,38240,17747,16.39794168096055
FALSE,white,0.017463729177861365,50165,26275,13.477968833960237
FALSE,white,0.042960442364951085,66400,41625,28.243300723096553
FALSE,white,0.023067484662576687,99250,34507,24.355828220858896
FALSE,white,0.020665593129361247,106125,39722,28.482286634460547
FALSE,white,0,109900,40973,28.22290703646636
FALSE,white,0.004597701149425287,60220,25609,23.0727969348659
FALSE,white,0.06238795267120832,56790,21240,20.362136966654713
FALSE,white,0.021343873517786563,25570,27520,20.213438735177867
FALSE,white,0,43660,32454,19.631294964028775
FALSE,white,0,23370,40703,18.801287208366855
FALSE,white,0,70990,39143,25.88986141502553
FALSE,white,0.013231197771587743,60535,31277,21.07764623955432
FALSE,white,0.03106267029972752,35835,23408,19.52861035422343
FALSE,no_majority,0.05795847750865052,27455,18733,23.75
FALSE,no_majority,0.03700401248328132,56405,29508,25.14712438698172
FALSE,white,0.05741626794258373,59245,27780,28.34688995215311
FALSE,white,0.0019856043683296105,115835,37407,28.750310250682553
FALSE,white,0.00791651673263764,51250,32949,18.441885570349047
FALSE,white,0.006024096385542169,10960,23105,16.50602409638554
FALSE,hs_latino,0.07780979827089338,9735,11723,14.027377521613833
FALSE,hs_latino,0.1336996336996337,8490,25238,15.54945054945055
FALSE,white,0.012565445026178011,44380,25142,23.23560209424084
FALSE,white,0.01116751269035533,47040,29472,23.878172588832488
FALSE,white,0.004327666151468315,59020,28706,18.24420401854714
FALSE,white,0.03650336215177714,15400,18378,14.79346781940442
FALSE,white,0,62405,37252,24.520628683693516
FALSE,white,0.004726890756302521,40875,35897,21.46796218487395
FALSE,hs_latino,0.015151515151515152,43480,21662,13.724747474747474
FALSE,hs_latino,0.029441624365482234,15065,12627,15.294416243654823
FALSE,hs_latino,0.08941344778254649,22225,11768,15.897711015736768
FALSE,no_majority,0.037606837606837605,19575,27656,16.73076923076923
FALSE,no_majority,0.01944652206432311,45520,21728,17.023186237845923
FALSE,no_majority,0,43560,30771,19.282868525896415
FALSE,no_majority,0.05766016713091922,71225,26329,19.83983286908078
FALSE,white,0,79995,37737,22.332495812395308
FALSE,white,0.00625,25985,34688,16.240625
FALSE,white,0.020292747837658016,55140,23714,18.343313373253494
FALSE,white,0.0027710426047800486,49805,34555,17.251472116383788
FALSE,white,0.00725689404934688,34115,42463,16.50459603289792
FALSE,white,0,44475,39361,24.053542455381287
FALSE,white,0.011343012704174229,44435,25848,20.161070780399275
FALSE,white,0.002587800369685767,57360,36500,21.20517560073937
FALSE,white,0.01892744479495268,86135,41458,24.7017493547462
FALSE,white,0,32600,32471,13.268213268213268
FALSE,white,0,38780,32784,18.379146919431278
FALSE,white,0.01355301621047037,77915,33015,20.705554079192133
FALSE,white,0.0029486099410278013,41315,23548,17.403117101937656
FALSE,white,0,99030,36218,23.57857142857143
FALSE,hs_latino,0.10632183908045977,9645,11413,13.857758620689655
FALSE,white,0.25703628348592744,106830,37922,36.225839267548324
FALSE,white,0.14891041162227603,140665,44345,34.059322033898304
FALSE,white,0.09544950055493896,51025,47946,28.3157602663707
FALSE,no_majority,0.09123247541326637,148745,26558,31.124712282904373
FALSE,white,0.02232973576479345,140215,40297,26.09136583550428
FALSE,white,0.2923280423280423,73525,50817,24.31382275132275
FALSE,white,0.07166921898928025,74285,13620,22.751914241960183
FALSE,white,0.17369970559371933,151695,66186,37.216633954857706
FALSE,white,0.14518805309734514,110700,57287,30.613938053097346
FALSE,white,0.17903930131004367,78640,69315,28.61717612809316
FALSE,white,0.11567700842408055,158205,48871,32.5056502979248
FALSE,white,0.12078093977498346,98450,47872,32.57776307081403
FALSE,white,0.26535087719298245,117775,31443,32.284813596491226
FALSE,white,0.0892735140059212,120515,38654,27.445912092917332
FALSE,white,0.1410555815039701,59155,38857,27.629612330686594
FALSE,white,0.06006006006006006,60990,52604,36.630630630630634
FALSE,white,0.003975727139568948,128435,41504,26.87486921950199
FALSE,white,0.08850457782299084,91880,32139,31.156324177687353
FALSE,white,0.06664156626506024,85770,33002,32.292921686746986
FALSE,white,0.3113746157224418,61605,49260,27.055335968379445
FALSE,no_majority,0.051222351571594875,51125,21651,19.83896003104385
FALSE,white,0.07552758237689744,67180,23429,24.872269529803777
FALSE,white,0.008365019011406844,73285,47844,27.865019011406844
FALSE,white,0.02319961333977767,48640,35170,23.50894151764137
FALSE,white,0.02224199288256228,54305,33933,24.15702846975089
FALSE,white,0.037712895377128956,48290,54963,29.373479318734795
FALSE,white,0.07310420076377523,90070,27071,24.56901254773595
FALSE,white,0.09367214748380667,76520,45208,38.12655705032387
TRUE,hs_latino,0.1328125,53980,23883,30.122767857142858
FALSE,no_majority,0.06857142857142857,69085,28179,28.19795918367347
FALSE,hs_latino,0.13336847654190828,49365,27030,26.02266736953084
FALSE,white,0.07452001301659616,81735,33495,26.597787178652784
FALSE,white,0.01674515960230246,103635,55484,27.115384615384617
FALSE,white,0.011391375101708706,58860,22297,23.946297803091944
FALSE,white,0.02706396938217605,95630,36456,26.142700929469655
TRUE,hs_latino,0.06565656565656566,35110,19920,19.702581369248037
FALSE,white,0.019650655021834062,121330,36710,26.49126637554585
FALSE,white,0.012567324955116697,49605,38036,22.264362657091564
FALSE,white,0.0195907705703091,40675,36448,17.707879843273837
FALSE,hs_latino,0.044580152671755725,61855,20828,18.88702290076336
FALSE,white,0.01574539363484087,56570,35133,18.95142378559464
FALSE,white,0.03356582388840453,72140,62910,31.44725370531822
FALSE,white,0.018796992481203006,110215,53020,29.595864661654137
FALSE,white,0.020249221183800622,49475,36136,25.687954309449637
FALSE,white,0.04127088110055683,86360,34971,28.28693088765149
FALSE,white,0.01441860465116279,64465,44385,29.983720930232558
FALSE,white,0.05246422893481717,98115,50770,25.997615262321144
FALSE,white,0.05625,70280,28085,25.83823529411765
FALSE,no_majority,0.09807010634107917,72735,27724,28.647105159511618
FALSE,hs_latino,0.21428571428571427,73045,22289,35.98275862068966
FALSE,white,0.0587215064420218,97510,33420,24.16005946481665
FALSE,white,0.07012002526847758,111300,22277,23.436512950094755
FALSE,white,0.036596523330283626,98020,51359,29.893260140286674
FALSE,hs_latino,0.028763183125599234,17175,21831,16.46692233940556
FALSE,hs_latino,0.013588110403397028,52865,21203,22.447983014861997
FALSE,hs_latino,0.008973858759266484,55675,24375,21.722590714007023
FALSE,white,0.014648858250753986,63855,47547,27.511848341232227
FALSE,white,0.03103448275862069,43630,32343,30.089655172413792
FALSE,white,0.042584434654919234,29890,19087,21.94566813509545
FALSE,white,0,52425,43054,20.696802210817214
FALSE,white,0.056377079482439925,52310,29844,24.172828096118298
FALSE,white,0.06638343069569835,115045,48509,30.54832713754647
FALSE,white,0.03433378808549341,132065,40928,30.028422010004547
FALSE,white,0.008035714285714285,20850,17823,18.616071428571427
FALSE,white,0.008372093023255815,24335,29517,22.63720930232558
FALSE,white,0.023923444976076555,24455,19538,19.50159489633174
FALSE,white,0.005175388154111558,45600,30434,26.22196664749856
FALSE,white,0.07643312101910828,16630,13163,26.480891719745223
FALSE,white,0.027851458885941646,82330,43428,27.297745358090186
FALSE,white,0.06623735050597976,100370,51234,30.778902177246245
FALSE,white,0.029242569511025888,56585,31867,27.12607861936721
FALSE,white,0.004465819306080384,91595,40867,31.465132256956373
FALSE,white,0.04159132007233273,80310,50633,29.04520795660036
FALSE,white,0.027035425730267248,96500,39123,29.987569919204475
FALSE,white,0.14520958083832336,45770,65476,22.839321357285428
FALSE,white,0.11805775944144715,82535,68992,26.19327197715011
FALSE,white,0.09577039274924472,88970,44684,26.87915407854985
FALSE,white,0.14326647564469913,36375,86683,26.056590257879655
FALSE,white,0.09324847814056447,100250,35616,27.7393469839513
FALSE,white,0.09151090342679127,72975,100122,28.417056074766354
FALSE,white,0.08957952468007313,85740,79784,31.349177330895795
FALSE,white,0.09191655801825294,85460,42956,27.855280312907432
FALSE,white,0.1137091607943626,82945,47681,26.56790518898142
FALSE,white,0.05660377358490566,79680,42879,27.334476843910807
FALSE,white,0.17231434751261715,85535,53453,30.834534967555875
FALSE,white,0.18433870363431998,82870,57237,31.049082053203445
FALSE,white,0.13127666557269446,96180,57212,31.56547423695438
FALSE,white,0.27222938144329895,99275,42030,31.98292525773196
FALSE,white,0.28078276165347404,158330,46406,34.81310466138962
FALSE,white,0.005086182537439954,77500,44806,21.89884148064425
FALSE,white,0.003388189738625363,38175,31168,18.477734753146176
FALSE,hs_latino,0.07236842105263158,27405,11937,18.029605263157894
FALSE,hs_latino,0,8350,13031,12.689969604863222
FALSE,white,0.11813842482100238,85880,48051,34.160700079554495
FALSE,white,0.14963054187192118,50775,63399,31.26539408866995
FALSE,white,0.04855275443510738,84030,36039,26.1531279178338
FALSE,white,0.05768063145112325,102265,40979,31.045840922890104
FALSE,no_majority,0.06280373831775701,69845,28367,26.110280373831777
FALSE,white,0.1506378802747792,130855,42786,32.10377821393523
FALSE,white,0.19662921348314608,139220,59175,31.285393258426968
FALSE,white,0.07203739345614517,105395,50781,28.97855375309321
FALSE,white,0.06719876416065912,138540,51340,35.669412976313076
FALSE,white,0.0275092936802974,93970,40614,34.933085501858734
FALSE,white,0.038980509745127435,88475,53577,33.161544227886054
FALSE,white,0.07893507706679122,56885,64741,26.56936011209715
FALSE,white,0.017195446839428433,133025,39868,32.21724388471785
FALSE,white,0.059248956884561894,109685,39605,30.510431154381084
FALSE,white,0.05562215296092064,126265,40938,30.272116998321746
FALSE,white,0.04201322243548731,149855,37172,31.958839837918532
FALSE,white,0.020729684908789386,58155,31852,24.110696517412936
FALSE,no_majority,0.06595744680851064,14185,14781,15.090425531914894
FALSE,black,0.06345177664974619,70755,24612,25.654459753444524
FALSE,white,0.034758290051937674,80550,40600,32.18138234119057
FALSE,white,0.07525736599219027,94700,50150,33.61732339368122
FALSE,white,0.09689274974941531,103230,63875,34.49047778149014
FALSE,no_majority,0.13812412505832944,71875,21941,33.53943070461969
FALSE,black,0.1039451114922813,74625,19848,25.60034305317324
FALSE,no_majority,0,61045,22346,27.023019034971227
FALSE,white,0.05012621709340065,67435,35246,24.318427695636494
FALSE,white,0.04112952731737262,50780,46324,31.172498465316146
FALSE,white,0.06024464831804281,91535,43191,27.992354740061163
FALSE,white,0.10903614457831326,49605,35214,29.882530120481928
FALSE,white,0.16090961427748993,115060,48779,33.120322394933794
FALSE,no_majority,0.1527777777777778,79865,38317,38.24952107279694
FALSE,white,0.05182389937106918,118840,49700,29.89685534591195
FALSE,white,0.07247735082786629,97530,36614,30.468603561387066
FALSE,white,0.12345679012345678,64110,60755,30.441595441595442
FALSE,white,0.1003584229390681,47770,80500,24.459805427547362
FALSE,white,0.17370030581039755,118625,62990,36.276758409785934
FALSE,white,0.1753774680603949,82810,60570,32.05962059620596
FALSE,no_majority,0.1127237542331882,116755,46801,28.242622157716497
FALSE,white,0.11879321181646763,57080,41693,35.876807039597736
FALSE,white,0.11800262812089356,116590,51930,30.64126149802891
FALSE,white,0.0550210463018641,89150,44598,26.80396873120866
FALSE,white,0.06574239713774598,132185,45142,29.558363148479426
FALSE,white,0.06252695127210005,74250,38097,32.01811125485123
FALSE,white,0.26723057644110276,84070,45769,26.337719298245613
FALSE,white,0.1037555697008275,148150,47227,31.434330575005305
FALSE,white,0.11290723700571997,119675,53222,29.762496891320566
FALSE,white,0.16300056401579244,50705,63919,28.598420755781163
FALSE,no_majority,0.30570048309178743,184735,39749,35.6975845410628
FALSE,asian,0.2610575324243432,91470,30254,30.419022281343533
FALSE,white,0.1630756231516688,70175,38000,29.647232784114912
FALSE,white,0.16191709844559585,68875,52125,29.738773747841105
FALSE,no_majority,0.08194774346793349,140705,32959,27.851346001583533
FALSE,no_majority,0.0982613277133825,130225,35145,34.30584826132771
FALSE,white,0.06263982102908278,126730,41713,28.351230425055927
FALSE,white,0.07263232850700213,134585,36597,31.945169712793735
FALSE,white,0.09100310237849017,91450,40551,31.523612547397448
FALSE,white,0.07795447458684128,110850,32167,34.565014031805426
FALSE,no_majority,0.20229175848391362,36775,8652,16.20758043190833
FALSE,no_majority,0.3563786008230453,57980,14925,23.86008230452675
TRUE,no_majority,0.33276353276353277,47030,19009,26.797720797720796
FALSE,white,0.3633648581383773,53215,52785,26.48830263812842
FALSE,no_majority,0.26222537207654145,117775,23461,27.82305693361682
FALSE,white,0.1387119603680113,41155,50046,29.125973106864826
FALSE,no_majority,0.3140976967856239,107045,47900,27.093140976967856
FALSE,no_majority,0.24079754601226994,38950,33708,29.869631901840492
FALSE,no_majority,0.22562674094707522,55405,38333,30.866295264623954
FALSE,no_majority,0.24427480916030533,88860,40340,32.3009814612868
FALSE,white,0.2751995270469997,102250,43913,30.22465267514041
FALSE,white,0.1843100189035917,27835,71458,26.30907372400756
FALSE,white,0.3357329842931937,45140,53140,29.541884816753928
FALSE,white,0.11154446177847113,29165,65563,22.749609984399378
FALSE,white,0.37334887334887334,80755,40120,31.373348873348874
FALSE,no_majority,0.2951985773562537,42695,27450,25.30823947836396
FALSE,no_majority,0.37854030501089325,102730,32486,27.976579520697168
FALSE,white,0.2524142524142524,66045,63246,21.993006993006993
FALSE,white,0.17127230857800807,60190,62577,17.325849165227403
FALSE,white,0.32634971796937956,83925,72952,22.542304593070106
FALSE,black,0.32660332541567694,62385,20331,24.697149643705462
FALSE,black,0.2978142076502732,31735,20015,28.90255009107468
FALSE,white,0.45411013567438147,65855,44223,26.278930566640064
FALSE,no_majority,0.2251552795031056,45650,36993,23.628364389233955
FALSE,black,0.30327102803738315,79295,26770,37.05373831775701
FALSE,black,0.3095472440944882,65435,24046,32.202263779527556
FALSE,white,0.14984709480122324,76575,56042,29.271788990825687
FALSE,no_majority,0.15191424196018377,95880,37897,29.366003062787136
FALSE,black,0.21285034373347436,111030,25005,29.357482813326282
FALSE,white,0.1869857890800299,40640,40560,30.396409872849663
FALSE,white,0.03797043010752688,95550,73223,32.10685483870968
FALSE,white,0.01547678482276585,51700,42500,25.81128307538692
FALSE,white,0.004606661941885188,68435,36130,24.25053153791637
FALSE,white,0.043318233295583236,94985,24844,26.892695356738393
FALSE,asian,0.03321799307958478,53060,29036,18.359861591695502
FALSE,no_majority,0.09090909090909091,21365,14469,20.444976076555022
FALSE,no_majority,0.019801980198019802,20805,22838,20.599009900990097
FALSE,white,0.014621178555604785,51020,42253,22.605228178998672
FALSE,white,0.02326869806094183,100500,43599,27.8393351800554
FALSE,white,0.019457669219623268,127475,39143,26.38687642310081
FALSE,white,0.03935185185185185,105315,49563,27.08719135802469
FALSE,white,0.01278600269179004,42905,53679,28.872812920592192
FALSE,white,0.01864406779661017,83855,50119,35.53177966101695
FALSE,white,0.062882096069869,57360,39631,25.048034934497817
FALSE,white,0.023970497848801474,70545,46851,21.679471419791028
FALSE,white,0.0372168284789644,47185,47012,25.45037756202805
FALSE,white,0.18993506493506493,47165,70000,25.522186147186147
FALSE,white,0.2983908045977012,63245,68235,29.07816091954023
FALSE,white,0.12456344586728754,114895,56707,26.750873108265424
FALSE,white,0.1043956043956044,48680,60938,26.747252747252748
FALSE,white,0.12376470588235294,71755,51277,33.76705882352941
FALSE,white,0.028852759331348753,112490,32513,25.75910235859858
FALSE,white,0.034110958635561656,149875,48669,29.381493824740247
FALSE,white,0.0036222509702457956,99755,40589,25.809831824062094
FALSE,white,0.04731027857829011,117460,45784,28.208453410182518
FALSE,white,0.03419811320754717,99915,50398,29.456073113207548
FALSE,white,0.022921108742004266,40070,39464,21.359275053304906
FALSE,white,0.1125513752766361,94810,47258,29.97470755611761
FALSE,white,0.28589580686149935,102530,53471,32.56988564167725
FALSE,white,0.06051154086088584,76440,18948,23.842794759825328
FALSE,white,0.26203630623520124,79300,36816,31.294396211523285
FALSE,white,0.29877167630057805,57260,52287,20.686416184971097
FALSE,white,0.26053530751708426,72395,37927,20.61361047835991
FALSE,no_majority,0.31620111731843575,18920,16959,21.139664804469273
FALSE,white,0.49683172964092936,127525,52199,29.92842055855433
FALSE,white,0.3997361477572559,40920,48534,26.99208443271768
FALSE,white,0.024558710667689946,34455,42282,26.442824251726783
FALSE,white,0,62340,28020,24.437475499804
FALSE,white,0.005219206680584551,38945,32426,20.326200417536533
FALSE,white,0,38535,45694,23.787037037037038
FALSE,white,0.042276964047936086,37645,4929,12.53162450066578
FALSE,white,0.05399138787678039,60570,18770,20.062934746604835
FALSE,white,0.16506550218340613,43000,59135,37.55458515283843
FALSE,white,0.15732880588568196,103000,30233,29.145444255800793
FALSE,white,0.06786703601108034,69590,39382,32.12834718374884
FALSE,white,0.077834179357022,78960,52782,33.401015228426395
FALSE,white,0.029488291413703384,58450,40647,25.346921075455334
FALSE,white,0.02773109243697479,92730,44795,25.974789915966387
FALSE,white,0.0672958555601149,71925,48605,29.5137464095199
FALSE,white,0.09960681520314547,43670,38389,28.617300131061597
FALSE,white,0.06703652334720296,61540,41241,28.451225150254277
FALSE,white,0.042136498516320474,41080,40046,24.379821958456972
FALSE,white,0.047286405158516925,51485,41489,27.665233745298227
FALSE,white,0.01829787234042553,54100,40590,23.02127659574468
FALSE,white,0.0052732502396931925,48900,26830,23.441994247363375
FALSE,white,0.008050603795284647,44405,23938,25.534790109258193
FALSE,white,0.011599806669888834,54110,39003,26.152730787820204
FALSE,white,0,43865,27700,21.523552502453384
FALSE,no_majority,0.03461128860489883,29175,25511,15.535143769968052
FALSE,no_majority,0.026852312282446545,37465,21023,18.63003480855296
FALSE,no_majority,0.09216589861751152,28900,14690,19.02567478604345
FALSE,hs_latino,0.08695652173913043,27295,19955,19.454739843193156
FALSE,hs_latino,0.033093525179856115,21205,18510,15.255395683453237
FALSE,no_majority,0,41130,29351,18.61085972850679
FALSE,hs_latino,0.015181518151815182,29115,21627,19.217821782178216
FALSE,no_majority,0.011735419630156473,51830,30081,18.43172119487909
FALSE,white,0.041025641025641026,49600,26564,18.168498168498168
FALSE,white,0.018340210912425492,35985,32381,16.499312242090785
FALSE,white,0.015115729806329713,40120,29503,18.951346244685876
FALSE,white,0,42765,30475,18.190131858783495
FALSE,white,0.010775862068965518,53740,32055,19.30316091954023
FALSE,white,0,76530,35636,27.618188379646337
FALSE,white,0.006669842782277275,50525,37473,24.070986183897094
FALSE,white,0.004454342984409799,28965,35077,16.12750556792873
FALSE,white,0.0026695141484249867,32965,51818,17.600106780565937
FALSE,white,0.0076886112445939455,40920,59688,19.663623258049014
FALSE,white,0,56340,38125,25.493212669683256
FALSE,white,0,75880,36456,27.02279202279202
FALSE,white,0,74215,33485,28.687669114804795
FALSE,white,0,63010,36754,30.5281007751938
FALSE,white,0.06437768240343347,30435,23707,18.66033108522379
FALSE,white,0.0212998361551065,36905,34345,20.15565264882578
FALSE,white,0,34065,32989,29.21526586620926
FALSE,white,0.00273224043715847,23595,40417,21.489071038251367
FALSE,white,0.0038412291933418692,20560,36167,26.325224071702944
FALSE,white,0.004120879120879121,48960,38036,22.417582417582416
FALSE,white,0.024489795918367346,43525,45486,29.608843537414966
FALSE,white,0.020663744520976832,87585,45867,27.421728240450847
FALSE,white,0.08487746563060371,57120,73558,34.14225941422594
FALSE,white,0.07034967928822677,152840,66402,31.624249948272293
FALSE,white,0.020252324037184594,82020,43625,27.231075697211157
FALSE,white,0.05153815421494207,70810,52794,28.29005193767479
FALSE,white,0.02691107644305772,79030,58264,30.82293291731669
FALSE,white,0.047031158142269255,103555,51250,30.439447383891828
FALSE,white,0.08660303994344291,80970,39972,28.621420996818664
FALSE,white,0.05570032573289902,87855,46777,28.617263843648207
FALSE,white,0.3395792241946088,92055,62990,30.261341222879686
FALSE,white,0.21811268579329415,95445,43382,32.99170411337712
FALSE,no_majority,0.3320864505403159,81110,38808,33.71155444721529
FALSE,no_majority,0.5121188428459734,85525,32104,33.43432369038311
FALSE,white,0.11466666666666667,22480,40000,29.973333333333333
FALSE,white,0.17714631197097944,137765,39479,27.764006449012495
FALSE,no_majority,0.2854242793341453,74110,23673,30.089321965083233
FALSE,white,0.20435428005937656,61430,24049,30.395843641761505
FALSE,white,0.2205146533238027,95085,31552,33.98320228734811
FALSE,white,0.11316600616468515,77490,29452,34.121532364597094
FALSE,white,0.23943661971830985,38510,43750,28.5470719051149
FALSE,no_majority,0.3005400328715661,128290,28868,30.122094388354075
FALSE,white,0.23514358828547058,88990,44678,25.3028148990617
FALSE,white,0.2636309167165968,82180,43925,24.619532654284
FALSE,white,0.43046846182220583,92955,31886,34.288085577277755
FALSE,white,0.26511814177012416,70435,34821,28.207849419303162
FALSE,no_majority,0.24259362772498602,42785,67212,23.915595304639464
FALSE,white,0.2656427758816837,114650,57260,32.60807736063709
FALSE,white,0.2153748411689962,34460,55368,21.893265565438373
FALSE,white,0.3556923076923077,34790,35405,21.40923076923077
FALSE,no_majority,0.09466111321469141,34765,7601,13.163574403634987
FALSE,white,0.20497881355932204,113170,57618,29.970868644067796
FALSE,white,0.030864197530864196,48825,52066,27.3989898989899
FALSE,white,0.07625455564900477,120215,71188,33.70199046818055
FALSE,white,0.07080998471726949,61850,94893,31.507896077432502
FALSE,white,0.05081458494957331,73185,73448,28.388285492629947
FALSE,white,0.14133114215283485,62280,66099,25.587510271158585
FALSE,white,0.100355871886121,68710,56723,24.451957295373667
FALSE,no_majority,0.13794266441821249,99305,53307,33.492411467116355
FALSE,white,0.11839863713798977,68595,51520,29.214224872231686
TRUE,no_majority,0.0241179097811523,65825,22534,29.399285395265743
FALSE,no_majority,0.018597560975609755,69180,24607,21.091463414634145
FALSE,white,0.024185068349106203,25125,43150,26.41955835962145
FALSE,white,0.03443201883460859,98880,46217,29.099470276633312
FALSE,white,0.03415300546448088,50685,39496,34.62090163934426
FALSE,white,0.09085252022401992,150795,56322,31.278780336029868
FALSE,white,0.04883227176220807,90515,35686,27.453745829542008
FALSE,no_majority,0.04449064449064449,58560,9222,24.34927234927235
FALSE,white,0.039755351681957186,3665,38365,11.207951070336392
FALSE,white,0.08860759493670886,85165,50784,31.70699925539836
FALSE,white,0.0738492665655033,58865,42431,29.7749114820435
FALSE,white,0.13830361966504592,56645,46682,30.602377093462994
FALSE,white,0.10314557425018288,80375,49129,29.3983174835406
FALSE,white,0.09444844989185291,92030,53703,33.17591925018024
FALSE,white,0.0637037037037037,51805,14487,25.582716049382714
FALSE,white,0.4379444085326438,107095,36663,34.61376858435682
FALSE,white,0.21755971594577148,50060,41051,32.31762427372498
FALSE,white,0.146875,56635,46636,29.497395833333332
FALSE,white,0.25249907441688263,90500,31869,33.506108848574605
FALSE,white,0.2962562994960403,76720,42227,27.61699064074874
FALSE,white,0.1993323795898903,76100,35054,36.2899380066762
FALSE,white,0.048187022900763356,59355,44701,28.318225190839694
FALSE,white,0.09058360186179736,87985,50565,31.501969208736124
FALSE,white,0.06914678528103518,84965,70254,34.35705620703599
FALSE,white,0.04596722706958927,141160,43216,30.040434134922325
FALSE,white,0.10881801125703565,35840,30642,33.62101313320826
FALSE,white,0.058546433378196504,88605,32333,29.813257065948857
FALSE,white,0.11004478566858605,82095,69294,26.261996161228407
FALSE,white,0.02618607516943931,96490,44545,29.72581638940234
FALSE,white,0.08283518360375747,38275,47500,32.68573868488471
FALSE,white,0.11407129455909944,85675,43882,32.148217636022515
FALSE,white,0.03029568589432865,112430,39974,27.24915172079496
FALSE,white,0.044642857142857144,97865,45635,25.69984243697479
FALSE,white,0.04334470989761092,91885,38442,31.360068259385667
FALSE,white,0.03978779840848806,81190,50516,30.765441455096628
FALSE,white,0.042367788461538464,106670,35199,32.05228365384615
FALSE,white,0.03294646199925122,78150,44859,29.25870460501685
FALSE,white,0.013351933041052212,155650,42464,31.018333997608607
FALSE,white,0.030384615384615385,85055,42236,32.71346153846154
FALSE,white,0.04743833017077799,65090,41441,30.877609108159394
FALSE,white,0.03409090909090909,52405,42366,35.030080213903744
FALSE,white,0.022538141470180306,94445,51188,32.747919556171986
FALSE,white,0.028005170185264973,139880,43313,30.13356311934511
FALSE,white,0.027777777777777776,46025,38182,31.182249322493224
FALSE,white,0.015392015392015393,31570,5337,15.185185185185185
FALSE,white,0.4008951406649616,48960,50833,31.304347826086957
FALSE,white,0.39308375634517767,91940,28409,29.168781725888326
FALSE,no_majority,0.40875912408759124,37825,21480,30.6772100567721
FALSE,no_majority,0.4227544910179641,101725,42750,30.456586826347305
FALSE,white,0.18015332197614992,35015,5468,14.912691652470187
FALSE,white,0.1249290176036343,24840,3682,14.105621805792163
FALSE,white,0.2793791574279379,59330,11505,18.793158061450743
FALSE,white,0.2603593692702604,65255,34983,23.92922625595893
FALSE,white,0.2675285927399304,35075,8661,17.441571357533565
FALSE,white,0.2889882615986585,42740,29342,23.89044158747904
FALSE,white,0.2473159509202454,45705,6742,17.524923312883434
FALSE,white,0.2121675328645674,50350,5132,15.392846224396209
FALSE,white,0.26476014760147604,28530,49785,26.319188191881917
FALSE,white,0.2767950052029136,45520,68135,23.68366285119667
FALSE,white,0.2358337830545062,39225,89408,21.168375607123583
FALSE,white,0.15074858027878163,38500,69617,19.87609705730511
FALSE,white,0.19991095280498664,47120,70483,20.979519145146927
FALSE,white,0.20344491387715308,64360,77405,20.9164770880728
FALSE,white,0.20638297872340425,26765,62243,18.9822695035461
FALSE,white,0.16644474034620507,15680,75563,20.878828229027963
FALSE,white,0.19619450317124737,47170,64268,19.945031712473572
FALSE,white,0.31600467289719625,45160,62517,26.378504672897197
FALSE,white,0.28113590263691685,66315,36726,26.9026369168357
FALSE,hs_latino,0.37645107794361526,79075,24979,26.22719734660033
FALSE,no_majority,0.18648785425101214,135955,32347,34.40156882591093
FALSE,white,0.39086614173228346,81480,29864,25.662992125984253
FALSE,white,0.5499239736441967,55890,54792,28.327420172326406
FALSE,white,0.16265209833623046,115855,51158,28.769555500372487
FALSE,white,0.25482912332838037,39100,30747,29.049034175334324
FALSE,white,0.11386965862974457,113395,28822,27.069706373836237
FALSE,white,0.13315164492894685,133505,33665,25.988904029589253
FALSE,white,0.22615131578947367,72580,39194,29.84375
FALSE,white,0.19762005949851252,74075,43106,31.48108797280068
FALSE,white,0.17897831679529586,83885,36141,30.828739434031608
FALSE,no_majority,0.38630283574103796,56285,30739,30.115034777956126
FALSE,black,0.36799410029498525,40005,21868,29.50221238938053
TRUE,black,0.4370939161252215,46700,22754,27.584170112226815
FALSE,white,0.2773069679849341,146505,42400,34.487994350282484
FALSE,white,0.3417883679221112,115995,36956,29.719446579554187
FALSE,white,0.07778274474742959,44805,13842,20.02905677246312
FALSE,white,0.29549140447615957,69535,57152,22.55433019785923
FALSE,white,0.26174895895300415,35530,60200,21.136228435455088
FALSE,white,0.10414746543778802,109010,76118,33.4900153609831
FALSE,white,0.030244173140954494,78140,60702,21.681465038845726
FALSE,white,0.04283149525519364,130280,76292,33.41369581944088
FALSE,white,0.053952321204516936,67215,43179,21.08375156838143
FALSE,white,0.09499358151476252,83065,82922,26.65757381258023
FALSE,white,0.06316173786053304,75380,53044,27.520993063161736
FALSE,white,0.0890909090909091,95215,58917,28.8530303030303
FALSE,white,0.0608130081300813,76800,56412,24.975609756097562
FALSE,no_majority,0.048369759942672876,65150,28750,23.342887853815835
FALSE,white,0.12669376693766937,88735,70938,30.05928184281843
FALSE,no_majority,0.2777475516866159,113390,38027,30.846028291621327
FALSE,white,0.17016879090595935,80260,34369,27.64726145366862
FALSE,no_majority,0.22513562386980107,110055,23094,33.16907775768535
FALSE,white,0.2628398791540785,37325,38375,22.552870090634443
FALSE,white,0.18382352941176472,37215,88000,21.04920814479638
FALSE,no_majority,0.40705591087270476,140130,41034,28.91066639158242
FALSE,white,0.42543859649122806,64545,57763,31.454678362573098
FALSE,white,0.12943962115232832,29500,54503,23.283346487766376
FALSE,white,0.1472715318869165,37170,43657,24.437869822485208
FALSE,white,0.10707737440410708,65510,77368,24.022735606894024
FALSE,white,0.10526315789473684,73990,54110,27.424017790956263
FALSE,white,0.06601466992665037,121735,51171,33.07117631078511
TRUE,no_majority,0.11553344389165285,42260,31696,23.360972913211718
FALSE,white,0.13876353790613719,110110,54722,24.844314079422382
FALSE,white,0.16158618829241975,94095,48415,25.383059077421095
FALSE,white,0.03364565587734242,81690,57689,34.79131175468484
FALSE,no_majority,0.29662787227693227,101020,23929,30.14622500746046
FALSE,white,0.0316554229372081,96300,38902,24.98702646600934
FALSE,white,0.019434124035438698,87610,44601,25.03858245212918
TRUE,no_majority,0.4738970588235294,87540,31215,32.18382352941177
FALSE,no_majority,0.3216448032290615,130310,31916,32.873360242179615
FALSE,white,0.34735857877512855,72795,48583,34.03225806451613
FALSE,white,0.12945791726105563,34135,4054,12.173680456490727
TRUE,hs_latino,0.6856026450255486,102015,25637,30.662759242560867
FALSE,black,0.369546621043627,33235,23481,28.43028229255774
FALSE,no_majority,0.39490445859872614,40595,14507,28.72965322009908
FALSE,white,0.3520263901979265,57430,25775,27.064090480678605
FALSE,no_majority,0.3661263275572946,54700,25368,30.5757406372275
FALSE,black,0.40110529377545084,109085,24597,31.72920302501454
FALSE,black,0.227760736196319,78665,43548,30.162960122699385
FALSE,no_majority,0.3163895486935867,63540,31521,30.18527315914489
FALSE,black,0.27481323372465316,44525,22217,23.759338313767344
FALSE,black,0.3556241426611797,79020,26719,27.098765432098766
FALSE,black,0.31221719457013575,114280,18209,32.31900452488688
FALSE,white,0.03910614525139665,61395,36356,24.499201915403034
FALSE,white,0.330923947203017,86745,55292,27.26115650534255
FALSE,white,0.13021420518602028,102400,60668,28.861330326944756
FALSE,white,0.09198981035946788,84725,59900,23.981035946787433
FALSE,white,0.07893589184474488,47360,13413,20.654164849542084
FALSE,white,0.08586702305379218,89680,56315,29.963247577681255
FALSE,white,0.03913141823116942,146305,47702,33.093191585614115
FALSE,white,0.11401043757527098,92025,57174,36.94299478121236
FALSE,white,0.18305084745762712,88460,36512,33.31826741996233
FALSE,white,0.11067580803134182,101325,37062,33.080313418217436
FALSE,white,0.04838709677419355,146570,62500,32.38400353513036
FALSE,white,0.03621594178371975,202760,47224,34.31375867321036
FALSE,white,0.2752198654940507,43720,51090,22.617692705638902
FALSE,white,0.08908218356328734,110630,65212,33.18236352729454
FALSE,white,0.07782299084435401,62075,39444,31.574262461851475
FALSE,white,0.11846976552858905,71005,49403,29.20814479638009
FALSE,white,0.28492307692307695,57530,47470,35.403076923076924
FALSE,white,0.1054590570719603,69630,43681,28.796526054590572
TRUE,asian,0.3436637005216324,107000,33561,32.832157103405955
FALSE,white,0.19327731092436976,129270,57782,31.03721488595438
FALSE,white,0.14140386571719227,52240,73065,26.571719226856562
FALSE,white,0,82080,37590,29.387755102040817
FALSE,white,0.008270676691729323,25890,30904,19.466165413533833
FALSE,white,0.006896551724137931,68135,39852,24.731397459165155
FALSE,white,0.02689075630252101,31560,30526,26.521008403361346
FALSE,no_majority,0,38770,29531,20.330361824855796
FALSE,white,0.00132890365448505,109130,29888,24.170542635658915
FALSE,white,0.0020213687554143807,90490,50197,26.13052266820676
FALSE,white,0.0023157894736842107,139510,49583,29.370526315789473
FALSE,white,0.005271317829457364,76930,38252,23.854263565891472
FALSE,no_majority,0.0024174053182917004,25750,20435,20.749395648670426
FALSE,white,0.014039855072463768,55120,22440,24.963768115942027
FALSE,white,0.012575177692728267,56770,25641,31.038819026790595
FALSE,white,0,139140,35595,29.987068965517242
FALSE,white,0.0027733755942947703,58970,37321,23.363708399366086
FALSE,no_majority,0.025977301387137452,90670,27216,22.867591424968474
FALSE,white,0.03324002799160252,87400,60375,30.58082575227432
FALSE,white,0.006535947712418301,65570,42487,25.20953479430988
FALSE,no_majority,0.1094062708472315,33515,21268,22.358238825883923
FALSE,white,0.004464285714285714,27065,32931,20.13764880952381
FALSE,white,0.01525575830092731,90375,53854,27.03410110679031
FALSE,no_majority,0.22076215505913271,50365,33083,33.09132720105125
FALSE,white,0.2844324809331539,64920,36016,29.125168236877524
FALSE,white,0.21745011836320596,82300,42958,27.832262428136627
FALSE,white,0.17123745819397992,34665,61543,23.187290969899667
FALSE,white,0.16683417085427135,44520,64411,22.371859296482413
FALSE,white,0.21365638766519823,24795,35587,27.30726872246696
TRUE,hs_latino,0.47582771755054204,107755,24249,31.571930852622327
FALSE,no_majority,0.4354669464847849,22080,14492,23.16894018887723
TRUE,hs_latino,0.5846325167037862,53575,27032,29.830178173719375
FALSE,white,0.21822849807445444,70660,73498,22.676508344030808
FALSE,white,0.2501956691886251,95620,63226,24.946517088442473
FALSE,white,0.3203918722786647,60335,64132,21.8922351233672
FALSE,white,0.2961825362000878,47500,30152,20.842474769635807
FALSE,no_majority,0.3333333333333333,48135,29047,25.79581993569132
FALSE,black,0.36743605739238927,40385,19518,25.193387398627575
FALSE,black,0.419631093544137,56775,20367,37.401185770750985
FALSE,black,0.28250863060989645,58210,26432,33.49252013808976
FALSE,hs_latino,0.32923368022705773,71725,27349,33.92857142857143
FALSE,hs_latino,0.3386319845857418,61610,24870,29.677263969171484
FALSE,no_majority,0.2530920060331825,93700,25320,28.26546003016591
FALSE,white,0,74960,24008,23.12152991980259
FALSE,white,0.020731707317073172,89415,26702,27.260670731707318
FALSE,no_majority,0.022900763358778626,27315,24357,18.95558639833449
FALSE,white,0.021945627251883395,72380,35200,23.70782836554209
FALSE,white,0.01873716632443532,108450,37457,27.836242299794662
FALSE,white,0.005242922055225445,83705,36442,29.257252708843062
FALSE,white,0.012371676757041327,87950,44813,23.15082916556989
FALSE,white,0.020610057708161583,59195,36223,24.400247320692497
FALSE,white,0.024891347293559858,63980,57778,25.278546029237457
FALSE,white,0.2285616672360779,99440,36556,33.97335155449265
FALSE,white,0.02646129541864139,174210,48805,34.40165876777251
FALSE,white,0.03440187646598905,168545,53564,32.94468334636435
FALSE,white,0.017965587044534412,93665,40746,23.700657894736842
FALSE,white,0.195573074590661,102340,41445,31.030927835051546
TRUE,no_majority,0.17916390179163902,101550,28355,33.692767086927674
FALSE,white,0.3195510927347903,43850,51250,25.90076786769049
FALSE,white,0.16553901668921966,44980,62560,20.288678394226434
FALSE,white,0.015023474178403756,135375,42639,25.422535211267604
FALSE,white,0.04069511658600968,105875,40681,23.289705235371756
FALSE,white,0.1104518484710178,63560,45462,29.009584664536742
FALSE,white,0.08680917622523462,118840,48539,30.98018769551616
FALSE,white,0.09624145785876993,53105,59973,30.242027334851937
FALSE,white,0.13362740010378826,112035,44449,29.069797612869746
FALSE,white,0.43243243243243246,29170,49464,25.431560592850914
FALSE,white,0.1871069182389937,143110,30154,32.14510332434861
FALSE,no_majority,0.2114508783344177,140755,32154,30.52591628713945
FALSE,white,0.31940004917629705,119720,35240,29.43693139906565
FALSE,white,0.4582582582582583,54390,57100,32.666666666666664
FALSE,white,0.4651013187520103,95085,59590,30.583788999678355
FALSE,white,0.27787366240938904,75280,54640,25.98550224370038
FALSE,white,0.004690831556503198,66945,43059,28.547974413646056
FALSE,white,0.21548821548821548,59035,28940,19.877104377104377
FALSE,white,0.30500894454382826,75005,10258,22.36285032796661
FALSE,white,0.2381573229030856,62660,70561,27.231638418079097
FALSE,white,0.552812858783008,53595,43323,30.766360505166475
FALSE,white,0.32786885245901637,82240,61261,25.92686002522068
TRUE,asian,0.14784546805349183,43310,10635,16.08841010401189
FALSE,black,0.31965707287201467,48560,31006,29.736680955297
FALSE,white,0.20340975896531452,35450,93750,20.840681951793062
FALSE,no_majority,0.4911403907314857,61385,15070,27.889595638346208
FALSE,black,0.480963045912654,53100,17430,29.73124300111982
FALSE,white,0.34332784184514004,83105,40694,27.382207578253706
FALSE,black,0.40673076923076923,105525,23438,33.82211538461539
FALSE,white,0.19790241678066575,64555,41626,29.436844505243958
FALSE,white,0.41524973432518597,118040,32754,31.360255047821468
FALSE,white,0.3153503893214683,41415,27721,23.033926585094548
FALSE,white,0.2947019867549669,49405,60961,23.37038789025544
TRUE,hs_latino,0.546398891966759,40005,26135,27.704293628808863
FALSE,white,0.00751597143930853,64885,37841,24.3836903419767
FALSE,white,0.006983240223463687,29930,44595,20.900837988826815
FALSE,no_majority,0.08521303258145363,30980,21058,19.411027568922307
FALSE,no_majority,0.005350194552529183,32680,17304,15.894941634241246
FALSE,white,0.05379310344827586,104190,49779,28.74206896551724
FALSE,hs_latino,0.02972336668628605,70495,19475,20.746027074749854
FALSE,white,0.006024096385542169,6030,3366,6.054216867469879
FALSE,no_majority,0.03542780748663102,74955,33024,25.051804812834224
FALSE,no_majority,0.09656004828002414,46135,30361,27.842486421243212
FALSE,no_majority,0.07291666666666667,63255,21305,24.403935185185187
FALSE,no_majority,0.028526563726773094,97170,24260,25.430515571839834
FALSE,white,0.04951237809452363,34505,38887,25.885221305326333
FALSE,white,0.0393885949441505,52825,41592,31.055261610817166
FALSE,white,0.0055058499655884375,80795,48333,27.802821748107363
FALSE,white,0.01045400238948626,95670,34255,28.5752688172043
FALSE,white,0.04849624060150376,78170,35900,29.387218045112782
FALSE,white,0.03987730061349693,57950,37500,29.62678936605317
FALSE,white,0.02654867256637168,53965,32979,26.531465093411995
FALSE,white,0.05849889624724062,114160,40440,31.50110375275938
FALSE,white,0.012290502793296089,47780,37570,26.692737430167597
FALSE,white,0.03953488372093023,61565,37563,28.634883720930233
FALSE,white,0.02055765595463138,116785,32276,27.59569943289225
FALSE,white,0.022228989037758832,92985,37090,28.314555420219246
FALSE,white,0.017047515415306493,61120,30904,22.169024301777295
FALSE,white,0.16497975708502025,59960,34015,30.344129554655872
FALSE,no_majority,0.2351765489673551,105130,25258,35.01998667554963
FALSE,no_majority,0.24486508256141765,85155,38174,34.29520741039066
FALSE,no_majority,0.2702205882352941,36055,21207,33.138786764705884
FALSE,no_majority,0.18234610917537747,48810,34903,28.34494773519164
FALSE,hs_latino,0.28316791573830263,157605,22835,31.923232732428602
TRUE,hs_latino,0.24079410822926672,83750,23739,26.81716298430996
FALSE,hs_latino,0.25938803894297635,75080,27433,26.105702364394993
FALSE,hs_latino,0.24682246822468223,77405,25575,31.736367363673637
FALSE,hs_latino,0.2310939148786493,85410,30796,30.042208934224412
FALSE,white,0.34808853118712274,69240,27083,34.82897384305835
FALSE,white,0.20641447368421054,46090,29289,37.90296052631579
FALSE,white,0.22280110327919092,94920,31651,29.08979466748391
FALSE,white,0.38284839203675347,42265,27440,32.36217457886677
TRUE,no_majority,0.39095531174739095,142940,29588,38.24993310141825
FALSE,white,0.25083364208966286,88375,30702,32.74360874397925
FALSE,white,0.276448362720403,45790,51250,28.835012594458437
FALSE,no_majority,0.12195121951219512,1860,8304,22.682926829268293
FALSE,no_majority,0.23255813953488372,3395,21500,19.738372093023255
FALSE,white,0.3281733746130031,8805,79464,27.260061919504643
FALSE,white,0.021666666666666667,31100,41553,25.916666666666668
FALSE,white,0.018794556059624108,78260,37837,25.359688917692807
FALSE,white,0.006445672191528545,34160,37024,31.4548802946593
FALSE,white,0,140850,46060,28.052180840470026
FALSE,white,0.01001669449081803,26260,34560,21.919866444073456
FALSE,white,0.027651382569128455,58935,26075,20.628281414070702
FALSE,no_majority,0.049454828660436136,41705,15005,16.240264797507788
FALSE,no_majority,0.057115198451113264,17720,17229,17.153920619554697
FALSE,white,0.013389711064129669,61870,40993,21.800563777307964
FALSE,white,0.03430619559651818,43250,31250,22.14541730670763
FALSE,white,0.008244589488148402,78380,37431,26.925455170044657
FALSE,white,0.04240766073871409,61070,28688,27.84769721842225
FALSE,white,0.017699115044247787,66350,41007,29.358407079646017
FALSE,white,0.0512,115280,54205,30.741333333333333
FALSE,white,0.03471667996807662,72495,54611,28.928571428571427
FALSE,white,0.05511022044088176,80720,59750,26.96058784235137
FALSE,white,0.015812994156067378,82010,65335,28.191818494327947
FALSE,asian,0.047436511739338764,59275,75578,28.40201245807379
FALSE,white,0.007978723404255319,97675,41529,28.863770685579198
FALSE,white,0.0023510971786833857,68365,37894,26.788793103448278
FALSE,white,0.003911707180776753,92275,42574,25.78234143615535
FALSE,white,0.00437636761487965,50595,53790,27.677789934354486
FALSE,white,0.007416563658838072,23755,34306,29.363411619283067
FALSE,white,0.004721669980119284,114630,40951,28.48658051689861
FALSE,white,0.05362537764350453,77450,40566,29.248489425981873
FALSE,white,0.016320474777448073,50720,44069,25.084075173095943
FALSE,white,0.05931034482758621,79610,48323,27.451724137931034
FALSE,white,0.015089959373186303,32525,30617,18.87695879280325
FALSE,white,0,6190,33072,9.702194357366771
FALSE,white,0.015775635407537247,21925,33936,19.215600350569677
FALSE,white,0,16195,32399,13.997407087294727
FALSE,white,0.010279001468428781,38300,31989,18.74694077337249
FALSE,white,0.009584664536741214,22030,38114,23.461128860489882
FALSE,white,0,37575,34103,19.87043892120571
FALSE,white,0.013406668958404951,56375,31460,19.379511859745616
FALSE,white,0,22155,27786,15.503848845346397
FALSE,white,0.01679790026246719,28915,29366,15.178477690288714
FALSE,white,0.0196078431372549,52620,30995,15.632798573975045
FALSE,white,0.08720200752823086,29950,28799,18.789209535759095
FALSE,white,0,36830,30445,20.506681514476615
FALSE,white,0.0053898670499461015,41360,26889,14.861660079051383
FALSE,white,0.0056,23165,41996,18.532
FALSE,white,0.004217629692113032,50360,32033,21.23998312948123
FALSE,white,0,88260,40495,22.841614906832298
FALSE,white,0.010980073200488003,54730,35706,22.257015046766977
FALSE,white,0,39670,31470,22.002218524681087
FALSE,white,0.04033214709371293,22310,21769,13.232502965599052
FALSE,white,0,47720,32558,16.862190812720847
FALSE,white,0.06768084445824278,99855,46236,31.001241850357033
FALSE,white,0.03814262023217247,74550,50362,30.907960199004975
FALSE,white,0.11220125786163522,124545,48472,31.332075471698115
FALSE,white,0.0750344827586207,109205,52003,30.12551724137931
FALSE,white,0.015463917525773196,94820,46869,28.750758035172833
FALSE,white,0.03841229193341869,71135,15544,22.770486555697822
FALSE,white,0.03499713138267355,52940,46954,30.372920252438323
FALSE,white,0.054531290573876914,114405,43941,29.707868086211374
FALSE,white,0,34800,31039,26.443768996960486
FALSE,white,0.012725344644750796,72590,31527,25.659243548957228
FALSE,white,0.034918723660445516,47190,32859,28.410596026490065
FALSE,white,0.024498886414253896,60680,31809,22.524127691165553
FALSE,white,0.0452469904524699,48645,20789,20.193026151930262
FALSE,white,0.11418685121107267,11200,14387,19.377162629757784
FALSE,white,0,76430,37933,24.278907242693773
